Clave pintura,Date,Frequency_usage,Liters_Used,Material_Names,Frequency_area,Painted_Area_m2,Yield_m2_per_L,Seleccion,FYEILD,Litros
0341-BRONZE STD TEXT,2020-03-01 00:00:00,5,407.75,U0341_AKZO,3,2923.424,7.169648069,1,7.169648069,407.75
0341-BRONZE STD TEXT,2020-04-29 00:00:00,2,130,U0341_AKZO,1,1310.0404,10.07723385,1,10.07723385,130
0341-BRONZE STD TEXT,2020-08-18 00:00:00,3,403.5,U0341_AKZO,6,8649.999217,21.43742061,1,21.43742061,403.5
0341-BRONZE STD TEXT,2020-08-27 00:00:00,3,343.5,U0341_AKZO,4,5317.449,9.288120524,1,9.288120524,343.5
0341-BRONZE STD TEXT,2020-09-07 00:00:00,2,209.25,U0341_AKZO,,,6.192080349,1,6.192080349,209.25
0341-BRONZE STD TEXT,2020-09-20 00:00:00,2,209.25,U0341_AKZO,1,1053.985,5.036965352,1,5.036965352,209.25
0341-BRONZE STD TEXT,2020-09-29 00:00:00,3,359.25,U0341_AKZO,3,3704.541,10.31187474,1,10.31187474,359.25
0341-BRONZE STD TEXT,2020-10-02 00:00:00,4,338.5,U0341_AKZO,3,3306.04522,9.766751019,1,9.766751019,338.5
0341-BRONZE STD TEXT,2020-10-23 00:00:00,6,846.25,U0341_AKZO,8,12154.21675,14.36244224,1,14.36244224,846.25
0341-BRONZE STD TEXT,2020-10-24 00:00:00,3,318.5,U0341_AKZO,,,4.261077278,1,4.261077278,318.5
0341-BRONZE STD TEXT,2020-11-24 00:00:00,4,623.965,U0341_AKZO,6,8056.85783,8.65127811,1,8.65127811,623.965
0341-BRONZE STD TEXT,2020-12-04 00:00:00,6,767,U0341_AKZO,6,7603.31906,9.91306266,1,9.91306266,767
0341-BRONZE STD TEXT,2020-12-12 00:00:00,7,567.75,U0341_AKZO,6,7983.395825,14.06146336,1,14.06146336,567.75
0341-BRONZE STD TEXT,2020-12-30 00:00:00,4,657,U0341_AKZO,2,2358.62533,3.589992892,1,3.589992892,657
0341-BRONZE STD TEXT,2021-01-05 00:00:00,6,587.75,U0341_AKZO,3,2536.143,4.315002977,1,4.315002977,587.75
0341-BRONZE STD TEXT,2021-01-24 00:00:00,16,1743.25,U0341_AKZO,24,35655.63025,20.45353808,1,20.45353808,1743.25
0341-BRONZE STD TEXT,2021-04-06 00:00:00,5,607,U0341_AKZO,2,2893.261,4.766492586,1,4.766492586,607
0411-AMERICAN STERLING HVAC,2020-01-14 00:00:00,,,,2,842.329,,1,0.137339617,590
0411-AMERICAN STERLING HVAC,2020-01-17 00:00:00,2,60,I3465_VALS,2,527.472,8.7912,1,8.7912,60
0411-AMERICAN STERLING HVAC,2020-01-27 00:00:00,10,600,I3465_VALS,10,3955.936,6.593226667,1,6.593226667,600
0411-AMERICAN STERLING HVAC,2020-01-30 00:00:00,7,710,I3465_VALS,10,12329.4881,17.3654762,1,17.3654762,710
0411-AMERICAN STERLING HVAC,2020-02-08 00:00:00,5,640,I3465_VALS,3,4754.905,7.429539063,1,7.429539063,640
0411-AMERICAN STERLING HVAC,2020-02-11 00:00:00,13,1340,I3465_VALS,7,9631.00209,7.187314993,1,7.187314993,1340
0411-AMERICAN STERLING HVAC,2020-03-10 00:00:00,5,215,I3465_VALS,4,2528.959,11.7626,1,11.7626,215
0411-AMERICAN STERLING HVAC,2020-03-11 00:00:00,6,520,I3465_VALS,9,8840.066,17.00012692,1,17.00012692,520
0411-AMERICAN STERLING HVAC,2020-03-14 00:00:00,,,,6,2269.202,,1,0.967486898,492
0411-AMERICAN STERLING HVAC,2020-03-18 00:00:00,5,1000,I3465_VALS,7,9118.997,9.118997,1,9.118997,1000
0411-AMERICAN STERLING HVAC,2020-03-24 00:00:00,4,280,I3465_VALS,4,1533.642,5.477292857,1,5.477292857,280
0411-AMERICAN STERLING HVAC,2020-03-26 00:00:00,6,425,I3465_VALS,6,2560.00996,6.023552847,1,6.023552847,425
0411-AMERICAN STERLING HVAC,2020-03-29 00:00:00,1,90,I3465_VALS,1,460.032,5.111466667,1,5.111466667,90
0411-AMERICAN STERLING HVAC,2020-04-10 00:00:00,8,1050,I3465_VALS,19,13599.69044,12.95208613,1,12.95208613,1050
0411-AMERICAN STERLING HVAC,2020-04-21 00:00:00,5,600,I3465_VALS,5,5405.996,9.009993333,1,9.009993333,600
0411-AMERICAN STERLING HVAC,2020-04-30 00:00:00,4,470,I3465_VALS,7,2697.40644,5.739162638,1,5.739162638,470
0411-AMERICAN STERLING HVAC,2020-05-05 00:00:00,6,850,I3465_VALS,18,7283.792,8.569167059,1,8.569167059,850
0411-AMERICAN STERLING HVAC,2020-05-07 00:00:00,8,650,I3465_VALS,8,6772.712,10.41955692,1,10.41955692,650
0411-AMERICAN STERLING HVAC,2020-05-11 00:00:00,1,100,I3465_VALS,8,3939.684,39.39684,1,39.39684,100
0411-AMERICAN STERLING HVAC,2020-05-12 00:00:00,3,250,I3465_VALS,4,1630.68546,6.52274184,1,6.52274184,250
0411-AMERICAN STERLING HVAC,2020-05-14 00:00:00,3,390,I3465_VALS,3,3548.46862,9.098637487,1,9.098637487,390
0411-AMERICAN STERLING HVAC,2020-05-21 00:00:00,3,260,I3465_VALS,3,4337.404,16.68232308,1,16.68232308,260
0411-AMERICAN STERLING HVAC,2020-05-25 00:00:00,,,,4,4374.08542,,1,5.340851595,382.4375
0411-AMERICAN STERLING HVAC,2020-05-26 00:00:00,6,890,I3465_VALS,4,3428.03505,3.851724775,1,3.851724775,890
0411-AMERICAN STERLING HVAC,2020-05-27 00:00:00,2,75,I3465_VALS,,,,1,41.85540922,75
0411-AMERICAN STERLING HVAC,2020-05-29 00:00:00,2,285,I3465_VALS,1,1134.944,3.982259649,1,3.982259649,285
0411-AMERICAN STERLING HVAC,2020-06-02 00:00:00,5,300,I3465_VALS,5,2317.14,7.7238,1,7.7238,300
0411-AMERICAN STERLING HVAC,2020-06-11 00:00:00,2,260,I3465_VALS,,,,1,1.188276923,260
0411-AMERICAN STERLING HVAC,2020-06-16 00:00:00,1,140,I3465_VALS,,,,1,0,140
0411-AMERICAN STERLING HVAC,2020-06-19 00:00:00,6,899,I3465_VALS,6,6624.30008,7.368520667,1,7.368520667,899
0411-AMERICAN STERLING HVAC,2020-06-24 00:00:00,4,420,I3465_VALS,1,931.296,2.217371429,1,2.217371429,420
0411-AMERICAN STERLING HVAC,2020-07-01 00:00:00,2,110,I3465_VALS,3,1622.972,14.75429091,1,14.75429091,110
0411-AMERICAN STERLING HVAC,2020-07-11 00:00:00,1,100,I3465_VALS,6,5933.574,59.33574,1,59.33574,100
0411-AMERICAN STERLING HVAC,2020-07-12 00:00:00,11,1180,I3465_VALS,16,10715.85232,9.08123078,1,9.08123078,1180
0411-AMERICAN STERLING HVAC,2020-07-17 00:00:00,7,400,I3465_VALS,8,6790.993366,16.97748342,1,16.97748342,400
0411-AMERICAN STERLING HVAC,2020-07-24 00:00:00,4,330,I3465_VALS,1,689.512,2.089430303,1,2.089430303,330
0411-AMERICAN STERLING HVAC,2020-07-31 00:00:00,3,220,I3465_VALS,3,2482.381,11.28355,1,11.28355,220
0411-AMERICAN STERLING HVAC,2020-08-08 00:00:00,2,120,I3465_VALS,6,2909.57671,24.24647258,1,24.24647258,120
0411-AMERICAN STERLING HVAC,2020-08-18 00:00:00,8,390,I3465_VALS,10,3552.208,9.108225641,1,9.108225641,390
0411-AMERICAN STERLING HVAC,2020-08-24 00:00:00,2,260,I3465_VALS,4,3508.96845,13.4960325,1,13.4960325,260
0411-AMERICAN STERLING HVAC,2020-09-04 00:00:00,5,390,I3465_VALS,16,8260.47928,21.1807161,1,21.1807161,390
0411-AMERICAN STERLING HVAC,2020-09-20 00:00:00,2,250,I3465_VALS,4,4158.54224,16.63416896,1,16.63416896,250
0411-AMERICAN STERLING HVAC,2020-10-08 00:00:00,5,380,I3465_VALS,8,3590.708,9.449231579,1,9.449231579,380
0486-DORIAN GRAY LOW GLOSS,2020-01-10 00:00:00,14,2131,U0486_AKZO,12,12240.506,5.744019709,1,5.744019709,2131
0486-DORIAN GRAY LOW GLOSS,2020-01-12 00:00:00,10,1324.75,U0486_AKZO,13,12683.55236,9.574298819,1,9.574298819,1324.75
0486-DORIAN GRAY LOW GLOSS,2020-01-13 00:00:00,20,3168,U0486_AKZO,28,29195.34081,9.215701012,1,9.215701012,3168
0486-DORIAN GRAY LOW GLOSS,2020-01-14 00:00:00,2,189.25,U0486_AKZO,,,,1,145.0529426,189.25
0486-DORIAN GRAY LOW GLOSS,2020-01-19 00:00:00,1,189.25,U0486_AKZO,6,5667.23672,29.94576867,1,29.94576867,189.25
0486-DORIAN GRAY LOW GLOSS,2020-01-20 00:00:00,13,2111,U0486_AKZO,18,17659.53945,8.365485291,1,8.365485291,2111
0486-DORIAN GRAY LOW GLOSS,2020-01-21 00:00:00,10,1154.14,U0486_AKZO,11,11342.86211,9.827977637,1,9.827977637,1154.14
0486-DORIAN GRAY LOW GLOSS,2020-01-22 00:00:00,3,449.25,U0486_AKZO,2,2413.248944,5.371728311,1,5.371728311,449.25
0486-DORIAN GRAY LOW GLOSS,2020-01-29 00:00:00,13,1553.25,U0486_AKZO,12,13404.67745,8.630083665,1,8.630083665,1553.25
0486-DORIAN GRAY LOW GLOSS,2020-02-05 00:00:00,2,258.5,U0486_AKZO,4,3818.55836,14.77198592,1,14.77198592,258.5
0486-DORIAN GRAY LOW GLOSS,2020-02-06 00:00:00,3,378.5,U0486_AKZO,4,5186.446878,13.70263376,1,13.70263376,378.5
0486-DORIAN GRAY LOW GLOSS,2020-02-07 00:00:00,17,2671.505,U0486_AKZO,16,19425.13169,7.271231643,1,7.271231643,2671.505
0486-DORIAN GRAY LOW GLOSS,2020-02-09 00:00:00,4,609.295,U0486_AKZO,6,5689.341,9.337580318,1,9.337580318,609.295
0486-DORIAN GRAY LOW GLOSS,2020-02-10 00:00:00,2,320,U0486_AKZO,2,1908.378,5.96368125,1,5.96368125,320
0486-DORIAN GRAY LOW GLOSS,2020-02-16 00:00:00,5,876.25,U0486_AKZO,12,14097.70067,16.08867408,1,16.08867408,876.25
0486-DORIAN GRAY LOW GLOSS,2020-02-17 00:00:00,13,1991.75,U0486_AKZO,9,12796.22917,6.424616127,1,6.424616127,1991.75
0486-DORIAN GRAY LOW GLOSS,2020-02-20 00:00:00,15,2460.25,U0486_AKZO,24,31124.31308,12.65087413,1,12.65087413,2460.25
0486-DORIAN GRAY LOW GLOSS,2020-02-21 00:00:00,3,392.75,U0486_AKZO,,,,1,66.59626292,392.75
0486-DORIAN GRAY LOW GLOSS,2020-02-22 00:00:00,8,1324.75,U0486_AKZO,23,22351.29514,16.8720854,1,16.8720854,1324.75
0486-DORIAN GRAY LOW GLOSS,2020-02-23 00:00:00,2,248.5,U0486_AKZO,,,,1,73.07276425,248.5
0486-DORIAN GRAY LOW GLOSS,2020-02-25 00:00:00,4,682,U0486_AKZO,14,14405.15222,21.12192408,1,21.12192408,682
0486-DORIAN GRAY LOW GLOSS,2020-02-26 00:00:00,17,2116.75,U0486_AKZO,20,21229.96163,10.02950827,1,10.02950827,2116.75
0486-DORIAN GRAY LOW GLOSS,2020-02-27 00:00:00,3,238.5,U0486_AKZO,,,,1,78.9850059,238.5
0486-DORIAN GRAY LOW GLOSS,2020-02-28 00:00:00,21,3138,U0486_AKZO,26,26038.08219,8.297668001,1,8.297668001,3138
0486-DORIAN GRAY LOW GLOSS,2020-02-29 00:00:00,2,268.5,U0486_AKZO,,,,1,88.67842953,268.5
0486-DORIAN GRAY LOW GLOSS,2020-03-04 00:00:00,7,912,U0486_AKZO,12,11773.61487,12.90966543,1,12.90966543,912
0486-DORIAN GRAY LOW GLOSS,2020-03-08 00:00:00,2,189.25,U0486_AKZO,5,4991.286,26.37403435,1,26.37403435,189.25
0486-DORIAN GRAY LOW GLOSS,2020-03-09 00:00:00,8,967.75,U0486_AKZO,5,5751.35254,5.943014766,1,5.943014766,967.75
0486-DORIAN GRAY LOW GLOSS,2020-03-10 00:00:00,3,567.75,U0486_AKZO,8,12570.3809,22.14069731,1,22.14069731,567.75
0486-DORIAN GRAY LOW GLOSS,2020-03-11 00:00:00,9,1444,U0486_AKZO,13,14786.45835,10.23992961,1,10.23992961,1444
0486-DORIAN GRAY LOW GLOSS,2020-03-12 00:00:00,6,1135.5,U0486_AKZO,5,7218.305691,6.356940282,1,6.356940282,1135.5
0486-DORIAN GRAY LOW GLOSS,2020-03-13 00:00:00,17,2375.25,U0486_AKZO,19,24596.02588,10.35513141,1,10.35513141,2375.25
0486-DORIAN GRAY LOW GLOSS,2020-03-14 00:00:00,1,84.25,U0486_AKZO,1,997.149,11.83559644,1,11.83559644,84.25
0486-DORIAN GRAY LOW GLOSS,2020-03-16 00:00:00,6,1089.9,U0486_AKZO,13,12550.4696,11.51524874,1,11.51524874,1089.9
0486-DORIAN GRAY LOW GLOSS,2020-03-17 00:00:00,4,717,U0486_AKZO,10,9829.14357,13.70870791,1,13.70870791,717
0486-DORIAN GRAY LOW GLOSS,2020-03-19 00:00:00,16,2565.25,U0486_AKZO,17,16329.10556,6.365502606,1,6.365502606,2565.25
0486-DORIAN GRAY LOW GLOSS,2020-03-20 00:00:00,1,189.25,U0486_AKZO,,,,1,79.91775002,189.25
0486-DORIAN GRAY LOW GLOSS,2020-03-22 00:00:00,15,2390.25,U0486_AKZO,24,24831.89658,10.38882819,1,10.38882819,2390.25
0486-DORIAN GRAY LOW GLOSS,2020-03-31 00:00:00,3,567.75,U0486_AKZO,5,4475.213529,7.88236641,1,7.88236641,567.75
0486-DORIAN GRAY LOW GLOSS,2020-04-02 00:00:00,,,,1,771.732,,1,2.286810721,799.78
0486-DORIAN GRAY LOW GLOSS,2020-04-03 00:00:00,9,1285.5,U0486_AKZO,3,5269.306677,4.09903281,1,4.09903281,1285.5
0486-DORIAN GRAY LOW GLOSS,2020-04-09 00:00:00,8,1174.75,U0486_AKZO,14,16080.14812,13.68814481,1,13.68814481,1174.75
0486-DORIAN GRAY LOW GLOSS,2020-04-10 00:00:00,4,567.75,U0486_AKZO,8,9231.675,16.26010568,1,16.26010568,567.75
0486-DORIAN GRAY LOW GLOSS,2020-04-11 00:00:00,12,2081.75,U0486_AKZO,20,21900.89266,10.520424,1,10.520424,2081.75
0486-DORIAN GRAY LOW GLOSS,2020-04-12 00:00:00,3,497.75,U0486_AKZO,1,1147.552,2.305478654,1,2.305478654,497.75
0486-DORIAN GRAY LOW GLOSS,2020-04-13 00:00:00,6,687.75,U0486_AKZO,1,983.871,1.430564885,1,1.430564885,687.75
0486-DORIAN GRAY LOW GLOSS,2020-04-15 00:00:00,1,150,U0486_AKZO,,,,1,5.128575115,150
0486-DORIAN GRAY LOW GLOSS,2020-04-16 00:00:00,8,1324.75,U0486_AKZO,19,22405.09834,16.91269925,1,16.91269925,1324.75
0486-DORIAN GRAY LOW GLOSS,2020-05-04 00:00:00,9,1593.25,U0486_AKZO,14,17387.64523,10.91331883,1,10.91331883,1593.25
0486-DORIAN GRAY LOW GLOSS,2020-05-11 00:00:00,8,995.5,U0486_AKZO,16,15750.72091,15.82191955,1,15.82191955,995.5
0486-DORIAN GRAY LOW GLOSS,2020-05-12 00:00:00,3,435.23,U0486_AKZO,1,1006.59,2.312777152,1,2.312777152,435.23
0486-DORIAN GRAY LOW GLOSS,2020-05-13 00:00:00,2,189.25,U0486_AKZO,2,1976.64,10.44459709,1,10.44459709,189.25
0486-DORIAN GRAY LOW GLOSS,2020-05-18 00:00:00,1,110,U0486_AKZO,,,,1,7.524857452,110
0486-DORIAN GRAY LOW GLOSS,2020-06-13 00:00:00,5,816.25,U0486_AKZO,4,6160.247524,7.54701075,1,7.54701075,816.25
0486-DORIAN GRAY LOW GLOSS,2020-06-22 00:00:00,1,189.25,U0486_AKZO,2,1937.84805,10.23961982,1,10.23961982,189.25
0486-DORIAN GRAY LOW GLOSS,2020-06-23 00:00:00,4,697.75,U0486_AKZO,1,1506.886602,2.159636836,1,2.159636836,697.75
0486-DORIAN GRAY LOW GLOSS,2020-06-29 00:00:00,12,2081.75,U0486_AKZO,25,28020.6541,13.46014368,1,13.46014368,2081.75
0486-DORIAN GRAY LOW GLOSS,2020-07-01 00:00:00,4,757,U0486_AKZO,9,9437.955708,12.46757689,1,12.46757689,757
0486-DORIAN GRAY LOW GLOSS,2020-07-03 00:00:00,6,946.25,U0486_AKZO,6,5991.914,6.332273712,1,6.332273712,946.25
0486-DORIAN GRAY LOW GLOSS,2020-07-10 00:00:00,3,487.784,U0486_AKZO,4,3492.60386,7.160144367,1,7.160144367,487.784
0486-DORIAN GRAY LOW GLOSS,2020-07-12 00:00:00,12,1862.5,U0486_AKZO,23,22435.47014,12.04589001,1,12.04589001,1862.5
0486-DORIAN GRAY LOW GLOSS,2020-07-13 00:00:00,6,975.5,U0486_AKZO,7,6809.40871,6.980429226,1,6.980429226,975.5
0486-DORIAN GRAY LOW GLOSS,2020-07-14 00:00:00,21,3138,U0486_AKZO,32,35517.73415,11.3185896,1,11.3185896,3138
0486-DORIAN GRAY LOW GLOSS,2020-07-15 00:00:00,3,418.5,U0486_AKZO,1,1522.292994,3.637498193,1,3.637498193,418.5
0486-DORIAN GRAY LOW GLOSS,2020-07-16 00:00:00,8,877,U0486_AKZO,9,10043.16524,11.45172776,1,11.45172776,877
0486-DORIAN GRAY LOW GLOSS,2020-07-17 00:00:00,2,308.5,U0486_AKZO,2,2146.015,6.956288493,1,6.956288493,308.5
0486-DORIAN GRAY LOW GLOSS,2020-07-19 00:00:00,14,2021.75,U0486_AKZO,25,26292.90045,13.00502063,1,13.00502063,2021.75
0486-DORIAN GRAY LOW GLOSS,2020-07-21 00:00:00,16,2081.75,U0486_AKZO,10,11934.20055,5.732773172,1,5.732773172,2081.75
0486-DORIAN GRAY LOW GLOSS,2020-07-22 00:00:00,4,323.5,U0486_AKZO,9,7441.10499,23.00187014,1,23.00187014,323.5
0486-DORIAN GRAY LOW GLOSS,2020-07-23 00:00:00,12,1439.75,U0486_AKZO,15,15274.27753,10.60897901,1,10.60897901,1439.75
0486-DORIAN GRAY LOW GLOSS,2020-07-24 00:00:00,1,70,U0486_AKZO,,,,1,207.5949857,70
0486-DORIAN GRAY LOW GLOSS,2020-07-27 00:00:00,7,757,U0486_AKZO,13,12005.17818,15.85888795,1,15.85888795,757
0486-DORIAN GRAY LOW GLOSS,2020-07-28 00:00:00,5,806.25,U0486_AKZO,8,7274.244991,9.022319368,1,9.022319368,806.25
0486-DORIAN GRAY LOW GLOSS,2020-08-03 00:00:00,11,996.25,U0486_AKZO,10,10324.56571,10.36342856,1,10.36342856,996.25
0486-DORIAN GRAY LOW GLOSS,2020-08-05 00:00:00,2,248.5,U0486_AKZO,6,5210.46908,20.96768241,1,20.96768241,248.5
0486-DORIAN GRAY LOW GLOSS,2020-08-06 00:00:00,12,1923.25,U0486_AKZO,21,18100.89325,9.411617447,1,9.411617447,1923.25
0486-DORIAN GRAY LOW GLOSS,2020-08-10 00:00:00,14,2295.25,U0486_AKZO,29,26846.60142,11.69659141,1,11.69659141,2295.25
0486-DORIAN GRAY LOW GLOSS,2020-08-11 00:00:00,5,732.75,U0486_AKZO,,,,1,24.94155452,732.75
0486-DORIAN GRAY LOW GLOSS,2020-08-13 00:00:00,6,866.25,U0486_AKZO,8,8279.908322,9.558335725,1,9.558335725,866.25
0486-DORIAN GRAY LOW GLOSS,2020-08-17 00:00:00,18,2452.58,U0486_AKZO,26,24118.30147,9.833849037,1,9.833849037,2452.58
0486-DORIAN GRAY LOW GLOSS,2020-08-19 00:00:00,5,897,U0486_AKZO,12,10888.33641,12.13861361,1,12.13861361,897
0486-DORIAN GRAY LOW GLOSS,2020-08-20 00:00:00,4,592.75,U0486_AKZO,3,2282.37306,3.850481755,1,3.850481755,592.75
0486-DORIAN GRAY LOW GLOSS,2020-08-22 00:00:00,1,189.25,U0486_AKZO,9,8627.28822,45.58672772,1,45.58672772,189.25
0486-DORIAN GRAY LOW GLOSS,2020-08-23 00:00:00,18,2788.75,U0486_AKZO,31,31438.79816,11.27343726,1,11.27343726,2788.75
0486-DORIAN GRAY LOW GLOSS,2020-08-28 00:00:00,5,757,U0486_AKZO,13,12693.6297,16.76833514,1,16.76833514,757
0486-DORIAN GRAY LOW GLOSS,2020-08-30 00:00:00,13,2191,U0486_AKZO,15,24251.73888,11.06879913,1,11.06879913,2191
0486-DORIAN GRAY LOW GLOSS,2020-08-31 00:00:00,9,1005.5,U0486_AKZO,2,3149.168318,3.131942634,1,3.131942634,1005.5
0486-DORIAN GRAY LOW GLOSS,2020-09-06 00:00:00,15,2610.25,U0486_AKZO,22,25854.27322,9.904903063,1,9.904903063,2610.25
0486-DORIAN GRAY LOW GLOSS,2020-09-07 00:00:00,3,358.5,U0486_AKZO,3,3941.743598,10.99510069,1,10.99510069,358.5
0486-DORIAN GRAY LOW GLOSS,2020-09-09 00:00:00,14,1783.25,U0486_AKZO,13,14296.18978,8.016929638,1,8.016929638,1783.25
0486-DORIAN GRAY LOW GLOSS,2020-09-14 00:00:00,1,150,U0486_AKZO,,,,1,87.29100221,150
0486-DORIAN GRAY LOW GLOSS,2020-09-16 00:00:00,7,1234.75,U0486_AKZO,19,23086.83221,18.6975762,1,18.6975762,1234.75
0486-DORIAN GRAY LOW GLOSS,2020-09-17 00:00:00,3,479.25,"U0486_AKZO,U0486_BECK",1,1274.419474,2.659195564,1,2.659195564,479.25
0486-DORIAN GRAY LOW GLOSS,2020-09-18 00:00:00,,,,1,962.919,,1,1.740287329,1386.884375
0486-DORIAN GRAY LOW GLOSS,2020-09-19 00:00:00,9,1429,U0486_AKZO,14,15161.91914,10.61016035,1,10.61016035,1429
0486-DORIAN GRAY LOW GLOSS,2020-09-26 00:00:00,6,946.25,U0486_AKZO,13,13908.8727,14.69894077,1,14.69894077,946.25
0486-DORIAN GRAY LOW GLOSS,2020-09-27 00:00:00,9,1289.75,U0486_AKZO,4,4013.05633,3.111499384,1,3.111499384,1289.75
0486-DORIAN GRAY LOW GLOSS,2020-10-05 00:00:00,17,2580.25,U0486_AKZO,29,32011.93552,12.40652476,1,12.40652476,2580.25
0486-DORIAN GRAY LOW GLOSS,2020-10-06 00:00:00,3,397.75,U0486_AKZO,2,1757.964,4.419771213,1,4.419771213,397.75
0486-DORIAN GRAY LOW GLOSS,2020-10-10 00:00:00,9,1703.25,U0486_AKZO,16,19556.95026,11.48213724,1,11.48213724,1703.25
0486-DORIAN GRAY LOW GLOSS,2020-10-11 00:00:00,8,1324.75,U0486_AKZO,11,11177.93374,8.437768438,1,8.437768438,1324.75
0486-DORIAN GRAY LOW GLOSS,2020-10-14 00:00:00,6,946.25,U0486_AKZO,12,14392.21728,15.20974086,1,15.20974086,946.25
0486-DORIAN GRAY LOW GLOSS,2020-10-15 00:00:00,11,1374.75,U0486_AKZO,17,16322.27378,11.87290327,1,11.87290327,1374.75
0486-DORIAN GRAY LOW GLOSS,2020-10-17 00:00:00,12,1892.5,U0486_AKZO,5,7266.85091,3.83981554,1,3.83981554,1892.5
0486-DORIAN GRAY LOW GLOSS,2020-10-18 00:00:00,10,1524,U0486_AKZO,14,18960.05042,12.44097797,1,12.44097797,1524
0486-DORIAN GRAY LOW GLOSS,2020-10-25 00:00:00,12,1921.15,U0486_AKZO,12,20384.46049,10.61055123,1,10.61055123,1921.15
0486-DORIAN GRAY LOW GLOSS,2020-10-31 00:00:00,16,2310.25,U0486_AKZO,15,20733.0175,8.974361002,1,8.974361002,2310.25
0486-DORIAN GRAY LOW GLOSS,2020-11-01 00:00:00,5,438.5,U0486_AKZO,1,1620.410396,3.695348679,1,3.695348679,438.5
0486-DORIAN GRAY LOW GLOSS,2020-11-04 00:00:00,8,1184.75,U0486_AKZO,10,12443.1194,10.50273847,1,10.50273847,1184.75
0486-DORIAN GRAY LOW GLOSS,2020-11-05 00:00:00,6,927,U0486_AKZO,8,9374.230789,10.11243882,1,10.11243882,927
0486-DORIAN GRAY LOW GLOSS,2020-11-08 00:00:00,9,1398.63,U0486_AKZO,15,17346.14799,12.40224219,1,12.40224219,1398.63
0486-DORIAN GRAY LOW GLOSS,2020-11-09 00:00:00,13,1850.26,U0486_AKZO,21,23894.52688,12.91414551,1,12.91414551,1850.26
0486-DORIAN GRAY LOW GLOSS,2020-11-13 00:00:00,17,2789.5,U0486_AKZO,15,17350.6975,6.220002689,1,6.220002689,2789.5
0486-DORIAN GRAY LOW GLOSS,2020-11-14 00:00:00,15,2499,U0486_AKZO,7,8618.411848,3.448744237,1,3.448744237,2499
0486-DORIAN GRAY LOW GLOSS,2020-11-15 00:00:00,7,1324.75,U0486_AKZO,2,3399.068389,2.56581875,1,2.56581875,1324.75
0486-DORIAN GRAY LOW GLOSS,2020-11-16 00:00:00,2,378.5,U0486_AKZO,4,3932.53,10.38977543,1,10.38977543,378.5
0486-DORIAN GRAY LOW GLOSS,2020-11-17 00:00:00,14,2081.75,U0486_AKZO,16,19319.17026,9.280254716,1,9.280254716,2081.75
0486-DORIAN GRAY LOW GLOSS,2020-11-21 00:00:00,5,786.25,U0486_AKZO,6,7795.217114,9.914425582,1,9.914425582,786.25
0486-DORIAN GRAY LOW GLOSS,2020-11-22 00:00:00,5,847,U0486_AKZO,2,2159.934,2.550099174,1,2.550099174,847
0486-DORIAN GRAY LOW GLOSS,2020-11-28 00:00:00,,,,1,1093.662,,1,0.035570511,835.348
0486-DORIAN GRAY LOW GLOSS,2020-11-29 00:00:00,9,1434,U0486_AKZO,13,15890.68935,11.08137333,1,11.08137333,1434
0486-DORIAN GRAY LOW GLOSS,2020-12-04 00:00:00,,,,2,1960.095,,1,7.415368175,859.1075
0486-DORIAN GRAY LOW GLOSS,2020-12-05 00:00:00,7,1021.16,U0486_AKZO,10,14108.6303,13.81627786,1,13.81627786,1021.16
0486-DORIAN GRAY LOW GLOSS,2020-12-11 00:00:00,4,688.87,U0486_AKZO,4,5198.421169,7.54630216,1,7.54630216,688.87
0486-DORIAN GRAY LOW GLOSS,2020-12-12 00:00:00,8,976.25,U0486_AKZO,6,6356.685,6.511329065,1,6.511329065,976.25
0486-DORIAN GRAY LOW GLOSS,2020-12-13 00:00:00,6,1116.25,U0486_AKZO,9,11981.03013,10.73328567,1,10.73328567,1116.25
0486-DORIAN GRAY LOW GLOSS,2020-12-14 00:00:00,3,507.75,U0486_AKZO,5,6292.929339,12.39375547,1,12.39375547,507.75
0486-DORIAN GRAY LOW GLOSS,2021-01-11 00:00:00,1,49.25,U0486_AKZO,,,,1,115.3814595,49.25
0486-DORIAN GRAY LOW GLOSS,2021-01-12 00:00:00,4,577.75,U0486_AKZO,3,2963.46982,5.129328983,1,5.129328983,577.75
0486-DORIAN GRAY LOW GLOSS,2021-01-22 00:00:00,5,669.94,U0486_AKZO,3,3754.370522,5.604039947,1,5.604039947,669.94
0486-DORIAN GRAY LOW GLOSS,2021-01-23 00:00:00,3,358.5,U0486_AKZO,3,3531.586,9.851006974,1,9.851006974,358.5
0486-DORIAN GRAY LOW GLOSS,2021-01-29 00:00:00,6,967,U0486_AKZO,16,19852.16536,20.5296436,1,20.5296436,967
0486-DORIAN GRAY LOW GLOSS,2021-01-30 00:00:00,3,487.75,U0486_AKZO,2,2090.384573,4.285770524,1,4.285770524,487.75
0486-DORIAN GRAY LOW GLOSS,2021-02-08 00:00:00,7,1026.25,U0486_AKZO,4,4714.178,4.593596102,1,4.593596102,1026.25
0486-DORIAN GRAY LOW GLOSS,2021-02-19 00:00:00,10,1623.25,U0486_AKZO,9,12325.90108,7.593347345,1,7.593347345,1623.25
0486-DORIAN GRAY LOW GLOSS,2021-02-23 00:00:00,6,1026.25,U0486_AKZO,9,9888.333,9.635403654,1,9.635403654,1026.25
0486-DORIAN GRAY LOW GLOSS,2021-02-24 00:00:00,6,1055.5,U0486_AKZO,11,14990.62388,14.20239117,1,14.20239117,1055.5
0486-DORIAN GRAY LOW GLOSS,2021-02-27 00:00:00,10,1594,U0486_AKZO,13,20889.76625,13.10524859,1,13.10524859,1594
0486-DORIAN GRAY LOW GLOSS,2021-02-28 00:00:00,1,69.25,U0486_AKZO,,,,1,288.5520257,69.25
0486-DORIAN GRAY LOW GLOSS,2021-03-02 00:00:00,7,1006.25,U0486_AKZO,13,14799.13399,14.7072139,1,14.7072139,1006.25
0486-DORIAN GRAY LOW GLOSS,2021-03-07 00:00:00,2,378.5,U0486_AKZO,3,3462.638,9.148317041,1,9.148317041,378.5
0486-DORIAN GRAY LOW GLOSS,2021-03-08 00:00:00,14,2281,U0486_AKZO,15,21129.23196,9.263144217,1,9.263144217,2281
0486-DORIAN GRAY LOW GLOSS,2021-03-10 00:00:00,4,447.75,U0486_AKZO,9,11005.87608,24.58040443,1,24.58040443,447.75
0486-DORIAN GRAY LOW GLOSS,2021-03-11 00:00:00,7,926.25,U0486_AKZO,3,4401.611693,4.752077401,1,4.752077401,926.25
0486-DORIAN GRAY LOW GLOSS,2021-03-17 00:00:00,4,757,U0486_AKZO,5,8016.218236,10.58945606,1,10.58945606,757
0486-DORIAN GRAY LOW GLOSS,2021-03-18 00:00:00,14,2510.25,U0486_AKZO,23,26684.35879,10.63015986,1,10.63015986,2510.25
0486-DORIAN GRAY LOW GLOSS,2021-03-25 00:00:00,9,1433.25,U0486_AKZO,4,6149.518203,4.290610991,1,4.290610991,1433.25
0486-DORIAN GRAY LOW GLOSS,2021-04-05 00:00:00,4,657,U0486_AKZO,6,9027.058074,13.73981442,1,13.73981442,657
0486-DORIAN GRAY LOW GLOSS,2021-04-06 00:00:00,9,1284.75,U0486_AKZO,18,22066.2591,17.17552761,1,17.17552761,1284.75
0486-DORIAN GRAY LOW GLOSS,2021-04-10 00:00:00,17,2874.36,U0486_AKZO,14,19446.94352,6.765660364,1,6.765660364,2874.36
0486-DORIAN GRAY LOW GLOSS,2021-04-13 00:00:00,2,209.25,U0486_AKZO,,,,1,86.17074835,209.25
0486-DORIAN GRAY LOW GLOSS,2021-04-22 00:00:00,6,1135.5,U0486_AKZO,14,23093.38496,20.33763537,1,20.33763537,1135.5
0486-DORIAN GRAY LOW GLOSS,2021-04-23 00:00:00,20,3367.25,U0486_AKZO,31,45552.93571,13.52823096,1,13.52823096,3367.25
0486-DORIAN GRAY LOW GLOSS,2021-04-24 00:00:00,2,248.5,U0486_AKZO,1,1181.072,4.752804829,1,4.752804829,248.5
0486-DORIAN GRAY LOW GLOSS,2021-04-26 00:00:00,1,135,U0486_BECK,,,,1,3.995876653,135
0486-DORIAN GRAY LOW GLOSS,2021-04-27 00:00:00,3,567.75,U0486_AKZO,10,12340.15155,21.73518547,1,21.73518547,567.75
0486-DORIAN GRAY LOW GLOSS,2021-04-28 00:00:00,9,1454.75,U0486_AKZO,17,20675.29189,14.21226458,1,14.21226458,1454.75
0486-DORIAN GRAY LOW GLOSS,2021-05-07 00:00:00,3,567.75,U0486_AKZO,2,2756.447268,4.85503702,1,4.85503702,567.75
0486-DORIAN GRAY LOW GLOSS,2021-05-08 00:00:00,18,3231.5,U0486_AKZO,21,25459.23292,7.878456728,1,7.878456728,3231.5
0486-DORIAN GRAY LOW GLOSS,2021-05-09 00:00:00,6,922,U0486_AKZO,5,5640.45,6.117624729,1,6.117624729,922
0486-DORIAN GRAY LOW GLOSS,2021-05-11 00:00:00,4,612.75,U0486_AKZO,9,11114.21633,18.13825594,1,18.13825594,612.75
0486-DORIAN GRAY LOW GLOSS,2021-05-12 00:00:00,5,772,U0486_AKZO,5,6191.170366,8.019650733,1,8.019650733,772
0486-DORIAN GRAY LOW GLOSS,2021-05-14 00:00:00,3,567.75,U0486_AKZO,2,3156.086304,5.558936687,1,5.558936687,567.75
0486-DORIAN GRAY LOW GLOSS,2021-05-15 00:00:00,4,635.04,U0486_AKZO,3,3816.082131,6.009199626,1,6.009199626,635.04
0486-DORIAN GRAY LOW GLOSS,2021-05-16 00:00:00,7,1214.75,U0486_AKZO,12,14225.71275,11.71081519,1,11.71081519,1214.75
0486-DORIAN GRAY LOW GLOSS,2021-05-17 00:00:00,6,926.25,U0486_AKZO,5,5530.817,5.971192443,1,5.971192443,926.25
0486-DORIAN GRAY LOW GLOSS,2021-05-24 00:00:00,4,757,U0486_AKZO,7,10696.86721,14.13060398,1,14.13060398,757
0486-DORIAN GRAY LOW GLOSS,2021-05-25 00:00:00,1,189.25,U0486_AKZO,,,,1,42.39181193,189.25
0486-DORIAN GRAY LOW GLOSS,2021-06-02 00:00:00,,,,3,3457.275,,1,0,1317.971875
0486-DORIAN GRAY LOW GLOSS,2021-06-03 00:00:00,13,2211.75,U0486_AKZO,14,15989.75119,7.229456851,1,7.229456851,2211.75
0486-DORIAN GRAY LOW GLOSS,2021-06-05 00:00:00,12,1703.25,U0486_AKZO,8,11800.93831,6.92848279,1,6.92848279,1703.25
0486-DORIAN GRAY LOW GLOSS,2021-06-10 00:00:00,1,99.25,U0486_AKZO,,,,1,111.9726589,99.25
0486-DORIAN GRAY LOW GLOSS,2021-06-11 00:00:00,11,1902.5,U0486_AKZO,18,21347.8158,11.22092815,1,11.22092815,1902.5
0486-DORIAN GRAY LOW GLOSS,2021-06-18 00:00:00,2,378.5,U0486_AKZO,3,3477.17932,9.186735324,1,9.186735324,378.5
0486-DORIAN GRAY LOW GLOSS,2021-06-19 00:00:00,6,1000.5,U0486_AKZO,3,3225.55,3.223938031,1,3.223938031,1000.5
0486-DORIAN GRAY LOW GLOSS,2021-06-20 00:00:00,9,1499.8,U0486_AKZO,8,8631.677291,5.75521889,1,5.75521889,1499.8
0486-DORIAN GRAY LOW GLOSS,2021-06-21 00:00:00,7,1126.25,U0486_AKZO,14,15804.83003,14.03314542,1,14.03314542,1126.25
0486-DORIAN GRAY LOW GLOSS,2021-06-22 00:00:00,8,1514,U0486_AKZO,16,19578.06531,12.93135093,1,12.93135093,1514
0486-DORIAN GRAY LOW GLOSS,2021-06-26 00:00:00,11,1892.5,U0486_AKZO,12,13778.04174,7.280339096,1,7.280339096,1892.5
0486-DORIAN GRAY LOW GLOSS,2021-07-01 00:00:00,2,243.5,U0486_AKZO,2,3186.840975,13.08764261,1,13.08764261,243.5
0486-DORIAN GRAY LOW GLOSS,2021-07-02 00:00:00,17,2913.75,U0486_AKZO,15,24817.37121,8.517330318,1,8.517330318,2913.75
0486-DORIAN GRAY LOW GLOSS,2021-07-08 00:00:00,6,1135.5,U0486_AKZO,9,15512.21503,13.66113168,1,13.66113168,1135.5
0486-DORIAN GRAY LOW GLOSS,2021-07-09 00:00:00,9,1514,U0486_AKZO,8,11119.42916,7.344404994,1,7.344404994,1514
0486-DORIAN GRAY LOW GLOSS,2021-07-12 00:00:00,3,567.75,U0486_AKZO,2,3113.281766,5.483543401,1,5.483543401,567.75
0486-DORIAN GRAY LOW GLOSS,2021-07-13 00:00:00,9,1384.75,U0486_AKZO,4,6406.196921,4.626248002,1,4.626248002,1384.75
0486-DORIAN GRAY LOW GLOSS,2021-07-15 00:00:00,6,1075.5,U0486_AKZO,9,11254.068,10.46403347,1,10.46403347,1075.5
0486-DORIAN GRAY LOW GLOSS,2021-07-23 00:00:00,6,985.5,U0486_AKZO,7,11408.44776,11.57630418,1,11.57630418,985.5
0486-DORIAN GRAY LOW GLOSS,2021-07-24 00:00:00,7,1285.5,U0486_AKZO,5,6923.98269,5.386217573,1,5.386217573,1285.5
0486-DORIAN GRAY LOW GLOSS,2021-07-27 00:00:00,2,378.5,U0486_AKZO,1,1712.70533,4.524981057,1,4.524981057,378.5
0486-DORIAN GRAY LOW GLOSS,2021-07-28 00:00:00,13,2191.75,U0486_AKZO,15,25552.67552,11.65857215,1,11.65857215,2191.75
0486-DORIAN GRAY LOW GLOSS,2021-07-30 00:00:00,9,1384,U0486_AKZO,4,6398.767595,4.623386991,1,4.623386991,1384
0486-DORIAN GRAY LOW GLOSS,2021-08-08 00:00:00,15,2298.01,U0486_AKZO,10,15762.25956,6.859090934,1,6.859090934,2298.01
0486-DORIAN GRAY LOW GLOSS,2021-08-09 00:00:00,5,876.25,U0486_AKZO,8,9217.059442,10.51875543,1,10.51875543,876.25
0486-DORIAN GRAY LOW GLOSS,2021-08-12 00:00:00,1,189.25,U0486_AKZO,,,,1,38.18433277,189.25
0486-DORIAN GRAY LOW GLOSS,2021-08-13 00:00:00,8,1429,U0486_AKZO,13,20129.14156,14.08617324,1,14.08617324,1429
0486-DORIAN GRAY LOW GLOSS,2021-08-14 00:00:00,17,2753.75,U0486_AKZO,15,22116.08069,8.031259441,1,8.031259441,2753.75
0486-DORIAN GRAY LOW GLOSS,2021-08-17 00:00:00,1,170,U0486_AKZO,3,4285.23277,25.20725159,1,25.20725159,170
0486-DORIAN GRAY LOW GLOSS,2021-08-18 00:00:00,22,3665.75,U0486_AKZO,21,33046.76011,9.015006509,1,9.015006509,3665.75
0486-DORIAN GRAY LOW GLOSS,2021-08-19 00:00:00,3,437.75,U0486_AKZO,3,4823.003207,11.0177115,1,11.0177115,437.75
0486-DORIAN GRAY LOW GLOSS,2021-08-23 00:00:00,4,438.545,U0486_AKZO,1,1298.265931,2.960393873,1,2.960393873,438.545
0486-DORIAN GRAY LOW GLOSS,2021-08-25 00:00:00,3,477.75,U0486_AKZO,,,,1,0.242935095,477.75
0486-DORIAN GRAY LOW GLOSS,2021-08-26 00:00:00,5,587.75,U0486_AKZO,,,,1,0,587.75
0486-DORIAN GRAY LOW GLOSS,2021-08-30 00:00:00,5,658.5,U0486_AKZO,5,5774.648218,8.769397446,1,8.769397446,658.5
0486-DORIAN GRAY LOW GLOSS,2021-08-31 00:00:00,9,1433.25,U0486_AKZO,8,9115.15996,6.35978368,1,6.35978368,1433.25
0486-DORIAN GRAY LOW GLOSS,2021-09-01 00:00:00,4,587.75,U0486_AKZO,11,16097.76671,27.38879917,1,27.38879917,587.75
0486-DORIAN GRAY LOW GLOSS,2021-09-02 00:00:00,12,1951.75,U0486_AKZO,13,20432.67218,10.46889826,1,10.46889826,1951.75
0486-DORIAN GRAY LOW GLOSS,2021-09-05 00:00:00,5,637.75,U0486_AKZO,2,2555.610428,4.007229209,1,4.007229209,637.75
0486-DORIAN GRAY LOW GLOSS,2021-09-06 00:00:00,1,129,U0486_AKZO,,,,1,15.80370434,129
0486-DORIAN GRAY LOW GLOSS,2021-09-13 00:00:00,9,1155.5,U0486_AKZO,11,12615.94911,10.91817318,1,10.91817318,1155.5
0486-DORIAN GRAY LOW GLOSS,2021-09-22 00:00:00,6,897,U0486_AKZO,9,12294.90665,13.70669638,1,13.70669638,897
0486-DORIAN GRAY LOW GLOSS,2021-09-24 00:00:00,7,1116.25,U0486_AKZO,14,17089.16613,15.30944334,1,15.30944334,1116.25
0486-DORIAN GRAY LOW GLOSS,2021-09-30 00:00:00,11,1892.5,U0486_AKZO,18,33347.69043,17.62097249,1,17.62097249,1892.5
0486-DORIAN GRAY LOW GLOSS,2021-10-01 00:00:00,2,268.5,U0486_AKZO,,,,1,106.5789919,268.5
0486-DORIAN GRAY LOW GLOSS,2021-10-04 00:00:00,15,2360.25,U0486_AKZO,15,26088.32951,11.05320602,1,11.05320602,2360.25
0486-DORIAN GRAY LOW GLOSS,2021-10-07 00:00:00,7,1269.5,U0486_AKZO,5,6274.341131,4.942371903,1,4.942371903,1269.5
0486-DORIAN GRAY LOW GLOSS,2021-10-08 00:00:00,10,1370.5,U0486_AKZO,5,6819.849072,4.976175901,1,4.976175901,1370.5
0486-DORIAN GRAY LOW GLOSS,2021-10-09 00:00:00,5,737.25,U0486_AKZO,5,6812.083059,9.239854947,1,9.239854947,737.25
0486-DORIAN GRAY LOW GLOSS,2021-10-10 00:00:00,3,478.5,U0486_AKZO,2,2343.08,4.896718913,1,4.896718913,478.5
0486-DORIAN GRAY LOW GLOSS,2021-10-11 00:00:00,2,348.5,U0486_AKZO,5,8203.964346,23.54078722,1,23.54078722,348.5
0486-DORIAN GRAY LOW GLOSS,2021-10-12 00:00:00,12,1871.75,U0486_AKZO,17,24785.53161,13.24190283,1,13.24190283,1871.75
0486-DORIAN GRAY LOW GLOSS,2021-10-13 00:00:00,5,652.75,U0486_AKZO,4,4650.43525,7.124374185,1,7.124374185,652.75
0486-DORIAN GRAY LOW GLOSS,2021-10-14 00:00:00,10,1858.25,U0486_AKZO,14,22062.64144,11.87280583,1,11.87280583,1858.25
0486-DORIAN GRAY LOW GLOSS,2021-10-17 00:00:00,4,607,U0486_AKZO,3,4305.900889,7.093741167,1,7.093741167,607
0486-DORIAN GRAY LOW GLOSS,2021-10-18 00:00:00,12,1955.45,U0486_AKZO,3,4408.813995,2.254628855,1,2.254628855,1955.45
0486-DORIAN GRAY LOW GLOSS,2021-10-19 00:00:00,12,1971.75,U0486_AKZO,16,27507.10101,13.95060277,1,13.95060277,1971.75
0486-DORIAN GRAY LOW GLOSS,2021-10-20 00:00:00,1,189.25,U0486_AKZO,,,,1,131.397355,189.25
0486-DORIAN GRAY LOW GLOSS,2021-10-21 00:00:00,5,826.25,U0486_AKZO,3,5408.069568,6.545318691,1,6.545318691,826.25
0486-DORIAN GRAY LOW GLOSS,2021-10-22 00:00:00,5,912.18,U0486_AKZO,5,6859.326336,7.519707005,1,7.519707005,912.18
0486-DORIAN GRAY LOW GLOSS,2021-10-25 00:00:00,10,1284.75,U0486_AKZO,8,8961.80906,6.975527581,1,6.975527581,1284.75
0486-DORIAN GRAY LOW GLOSS,2021-10-26 00:00:00,8,1405.5,U0486_AKZO,11,12609.22571,8.971345224,1,8.971345224,1405.5
0486-DORIAN GRAY LOW GLOSS,2021-10-27 00:00:00,1,109.25,U0486_AKZO,,,,1,106.4449084,109.25
0486-DORIAN GRAY LOW GLOSS,2021-10-29 00:00:00,9,1079.75,U0486_AKZO,9,13403.52981,12.41354926,1,12.41354926,1079.75
0486-DORIAN GRAY LOW GLOSS,2021-10-30 00:00:00,6,1002,U0486_AKZO,12,17923.15426,17.8873795,1,17.8873795,1002
0486-DORIAN GRAY LOW GLOSS,2021-11-02 00:00:00,7,996.25,U0486_AKZO,6,8851.063275,8.884379698,1,8.884379698,996.25
0486-DORIAN GRAY LOW GLOSS,2021-11-03 00:00:00,7,1165.5,U0486_AKZO,12,16450.69748,14.11471255,1,14.11471255,1165.5
0486-DORIAN GRAY LOW GLOSS,2021-11-04 00:00:00,9,1254.5,U0486_AKZO,6,6983.052171,5.566402687,1,5.566402687,1254.5
0486-DORIAN GRAY LOW GLOSS,2021-11-06 00:00:00,7,1146.25,U0486_AKZO,7,13663.08072,11.9198087,1,11.9198087,1146.25
0486-DORIAN GRAY LOW GLOSS,2021-11-07 00:00:00,8,1324.75,U0486_AKZO,6,9161.022329,6.915283886,1,6.915283886,1324.75
0486-DORIAN GRAY LOW GLOSS,2021-11-10 00:00:00,6,1015.46,U0486_AKZO,3,4493.564085,4.425151247,1,4.425151247,1015.46
0486-DORIAN GRAY LOW GLOSS,2021-11-11 00:00:00,5,946.25,U0486_AKZO,2,3319.5303,3.508090146,1,3.508090146,946.25
0486-DORIAN GRAY LOW GLOSS,2021-11-12 00:00:00,4,702,U0486_AKZO,3,6672.073641,9.504378406,1,9.504378406,702
0486-DORIAN GRAY LOW GLOSS,2021-11-17 00:00:00,,,,5,5615.65,,1,1.496939153,833.234375
0486-DORIAN GRAY LOW GLOSS,2021-11-18 00:00:00,4,622.75,U0486_AKZO,4,6080.009929,9.763163274,1,9.763163274,622.75
0486-DORIAN GRAY LOW GLOSS,2021-11-20 00:00:00,4,687,U0486_AKZO,8,11517.18774,16.76446541,1,16.76446541,687
0486-DORIAN GRAY LOW GLOSS,2021-11-21 00:00:00,5,667,U0486_AKZO,3,5551.489475,8.323072676,1,8.323072676,667
0486-DORIAN GRAY LOW GLOSS,2021-11-24 00:00:00,10,1514,U0486_AKZO,16,22086.72408,14.58832502,1,14.58832502,1514
0486-DORIAN GRAY LOW GLOSS,2021-11-25 00:00:00,1,189.25,U0486_AKZO,,,,1,102.1182751,189.25
0486-DORIAN GRAY LOW GLOSS,2021-11-27 00:00:00,6,985.5,U0486_AKZO,4,6389.103768,6.483108846,1,6.483108846,985.5
0486-DORIAN GRAY LOW GLOSS,2021-11-28 00:00:00,1,189.25,U0486_AKZO,3,3905.571077,20.63709948,1,20.63709948,189.25
0486-DORIAN GRAY LOW GLOSS,2021-11-29 00:00:00,11,1892.5,U0486_AKZO,6,11143.36531,5.888171896,1,5.888171896,1892.5
0486-DORIAN GRAY LOW GLOSS,2021-12-06 00:00:00,10,1438.25,U0486_AKZO,10,18406.88958,12.79811548,1,12.79811548,1438.25
0486-DORIAN GRAY LOW GLOSS,2021-12-10 00:00:00,5,872,U0486_AKZO,8,14590.53086,16.73226016,1,16.73226016,872
0486-DORIAN GRAY LOW GLOSS,2021-12-11 00:00:00,1,189.25,U0486_VALS,,,,1,60.36433619,189.25
0486-DORIAN GRAY LOW GLOSS,2021-12-19 00:00:00,7,1285.5,U0486_AKZO,15,20145.13673,15.67105152,1,15.67105152,1285.5
0486-DORIAN GRAY LOW GLOSS,2021-12-20 00:00:00,4,567.75,U0486_AKZO,,,,1,19.81135575,567.75
0486-DORIAN GRAY LOW GLOSS,2021-12-22 00:00:00,1,189.25,U0486_AKZO,,,,1,0,189.25
0486-DORIAN GRAY LOW GLOSS,2021-12-23 00:00:00,9,1394.75,U0486_AKZO,3,4399.563294,3.154374113,1,3.154374113,1394.75
0486-DORIAN GRAY LOW GLOSS,2021-12-26 00:00:00,5,647.75,U0486_AKZO,2,2277.778,3.51644616,1,3.51644616,647.75
0486-DORIAN GRAY LOW GLOSS,2021-12-30 00:00:00,,,,1,1108.315,,1,0.923685865,878.5146875
0486-DORIAN GRAY LOW GLOSS,2021-12-31 00:00:00,5,741.25,U0486_AKZO,8,9228.494973,12.4499089,1,12.4499089,741.25
0486-DORIAN GRAY LOW GLOSS,2022-01-06 00:00:00,5,846.25,U0486_AKZO,2,2214.868,2.617273855,1,2.617273855,846.25
0486-DORIAN GRAY LOW GLOSS,2022-01-07 00:00:00,3,567.75,U0486_AKZO,4,4351.99,7.665328049,1,7.665328049,567.75
0486-DORIAN GRAY LOW GLOSS,2022-01-08 00:00:00,13,1770.4,U0486_AKZO,11,16384.43,9.254648669,1,9.254648669,1770.4
0486-DORIAN GRAY LOW GLOSS,2022-01-09 00:00:00,7,897.75,U0486_AKZO,11,14759.34103,16.44036873,1,16.44036873,897.75
0486-DORIAN GRAY LOW GLOSS,2022-01-10 00:00:00,11,1222.51,U0486_AKZO,11,13409.78791,10.96906194,1,10.96906194,1222.51
0486-DORIAN GRAY LOW GLOSS,2022-01-11 00:00:00,10,1364,U0486_AKZO,13,16951.20511,12.42756973,1,12.42756973,1364
0486-DORIAN GRAY LOW GLOSS,2022-01-13 00:00:00,8,1275.5,U0486_AKZO,12,15874.70742,12.44587019,1,12.44587019,1275.5
0486-DORIAN GRAY LOW GLOSS,2022-01-14 00:00:00,1,80,U0486_AKZO,,,,1,185.9879726,80
0486-DORIAN GRAY LOW GLOSS,2022-01-15 00:00:00,2,378.5,U0486_AKZO,1,1054.372,2.785659181,1,2.785659181,378.5
0486-DORIAN GRAY LOW GLOSS,2022-01-16 00:00:00,5,866.25,U0486_AKZO,2,3935.84486,4.54354385,1,4.54354385,866.25
0486-DORIAN GRAY LOW GLOSS,2022-01-17 00:00:00,3,517.75,U0486_AKZO,1,2202.387527,4.253766348,1,4.253766348,517.75
0486-DORIAN GRAY LOW GLOSS,2022-01-21 00:00:00,4,628.825,U0486_AKZO,3,4170.207288,6.631745379,1,6.631745379,628.825
0486-DORIAN GRAY LOW GLOSS,2022-01-28 00:00:00,5,907,"U0486_AKZO,U0486_BECK",5,9153.962434,10.09257159,1,10.09257159,907
0486-DORIAN GRAY LOW GLOSS,2022-01-29 00:00:00,8,1254.75,U0486_AKZO,5,8369.390548,6.670165808,1,6.670165808,1254.75
0486-DORIAN GRAY LOW GLOSS,2022-01-30 00:00:00,6,737.75,U0486_AKZO,6,9546.967155,12.94065355,1,12.94065355,737.75
0486-DORIAN GRAY LOW GLOSS,2022-02-02 00:00:00,3,477.75,U0486_AKZO,6,8705.860058,18.22262702,1,18.22262702,477.75
0486-DORIAN GRAY LOW GLOSS,2022-02-04 00:00:00,3,417.75,U0486_AKZO,3,3329.4,7.96983842,1,7.96983842,417.75
0486-DORIAN GRAY LOW GLOSS,2022-02-10 00:00:00,7,907,U0486_AKZO,3,4561.032931,5.028702239,1,5.028702239,907
0486-DORIAN GRAY LOW GLOSS,2022-02-17 00:00:00,5,627,U0486_AKZO,6,10792.59759,17.21307431,1,17.21307431,627
0486-DORIAN GRAY LOW GLOSS,2022-02-21 00:00:00,6,866.25,U0486_AKZO,5,8625.415393,9.957189487,1,9.957189487,866.25
0486-DORIAN GRAY LOW GLOSS,2022-02-23 00:00:00,10,1534,U0486_AKZO,15,18940.25949,12.3469749,1,12.3469749,1534
0486-DORIAN GRAY LOW GLOSS,2022-02-27 00:00:00,4,567.75,U0486_AKZO,1,1579.299363,2.781680957,1,2.781680957,567.75
0486-DORIAN GRAY LOW GLOSS,2022-02-28 00:00:00,18,2929.5,U0486_AKZO,28,35249.84295,12.03271649,1,12.03271649,2929.5
0486-DORIAN GRAY LOW GLOSS,2022-03-04 00:00:00,2,378.5,U0486_AKZO,,,,1,81.09764798,378.5
0486-DORIAN GRAY LOW GLOSS,2022-03-09 00:00:00,5,846.25,U0486_AKZO,3,4532.446773,5.355919377,1,5.355919377,846.25
0486-DORIAN GRAY LOW GLOSS,2022-03-13 00:00:00,2,378.5,U0486_AKZO,9,13496.79592,35.65864178,1,35.65864178,378.5
0486-DORIAN GRAY LOW GLOSS,2022-03-14 00:00:00,8,1135.5,U0486_AKZO,10,14634.153,12.88784941,1,12.88784941,1135.5
0486-DORIAN GRAY LOW GLOSS,2022-03-15 00:00:00,1,189.25,U0486_AKZO,,,,1,64.43924703,189.25
0486-DORIAN GRAY LOW GLOSS,2022-03-16 00:00:00,3,427.75,U0486_AKZO,2,2957.69135,6.91453267,1,6.91453267,427.75
0486-DORIAN GRAY LOW GLOSS,2022-03-20 00:00:00,,,,3,3879.406,,1,3.796688034,948.6333333
0486-DORIAN GRAY LOW GLOSS,2022-03-21 00:00:00,6,1020.5,U0486_AKZO,5,5635.16222,5.521961999,1,5.521961999,1020.5
0486-DORIAN GRAY LOW GLOSS,2022-03-22 00:00:00,5,633.5,U0486_AKZO,6,6670.614,10.52977743,1,10.52977743,633.5
0486-DORIAN GRAY LOW GLOSS,2022-03-23 00:00:00,6,857,U0486_AKZO,3,3457.328,4.034221704,1,4.034221704,857
0486-DORIAN GRAY LOW GLOSS,2022-03-24 00:00:00,,,,2,2566.559165,,1,0.6588622,1024.284375
0486-DORIAN GRAY LOW GLOSS,2022-03-25 00:00:00,6,975.5,U0486_AKZO,7,9236.818816,9.468804527,1,9.468804527,975.5
0486-DORIAN GRAY LOW GLOSS,2022-03-26 00:00:00,5,676.25,U0486_AKZO,1,1063.476,1.572607763,1,1.572607763,676.25
0486-DORIAN GRAY LOW GLOSS,2022-03-30 00:00:00,4,447.75,U0486_AKZO,6,7434.941287,16.60511733,1,16.60511733,447.75
0486-DORIAN GRAY LOW GLOSS,2022-04-06 00:00:00,14,1993.25,U0486_AKZO,17,26196.55592,13.14263435,1,13.14263435,1993.25
0486-DORIAN GRAY LOW GLOSS,2022-04-11 00:00:00,9,1347,"U0486_AKZO,U0486_BECK",8,10156.56934,7.540140564,1,7.540140564,1347
0486-DORIAN GRAY LOW GLOSS,2022-04-17 00:00:00,7,1255.5,U0486_AKZO,10,16750.79489,13.34193142,1,13.34193142,1255.5
0486-DORIAN GRAY LOW GLOSS,2022-05-02 00:00:00,2,378.5,U0486_AKZO,6,8262.182431,21.82875147,1,21.82875147,378.5
0486-DORIAN GRAY LOW GLOSS,2022-05-06 00:00:00,3,397.75,U0486_AKZO,2,3397.725062,8.542363449,1,8.542363449,397.75
0486-DORIAN GRAY LOW GLOSS,2022-05-14 00:00:00,9,1504.75,U0486_AKZO,9,15387.86932,10.22619659,1,10.22619659,1504.75
0486-DORIAN GRAY LOW GLOSS,2022-05-15 00:00:00,4,432.75,U0486_AKZO,2,3438.075018,7.944714079,1,7.944714079,432.75
0486-DORIAN GRAY LOW GLOSS,2022-05-16 00:00:00,11,1579,U0486_AKZO,8,14258.91874,9.030347525,1,9.030347525,1579
0486-DORIAN GRAY LOW GLOSS,2022-05-17 00:00:00,4,730.5,U0486_AKZO,6,10362.28322,14.18519263,1,14.18519263,730.5
0486-DORIAN GRAY LOW GLOSS,2022-05-18 00:00:00,3,322.75,U0486_AKZO,,,,1,17.92102957,322.75
0486-DORIAN GRAY LOW GLOSS,2022-05-20 00:00:00,10,1559.75,U0486_AKZO,11,19676.8272,12.61537246,1,12.61537246,1559.75
0486-DORIAN GRAY LOW GLOSS,2022-05-21 00:00:00,10,1787.55,U0486_AKZO,5,8120.700078,4.54292192,1,4.54292192,1787.55
0486-DORIAN GRAY LOW GLOSS,2022-05-26 00:00:00,6,1000,U0486_BECK,4,7110.071045,7.110071045,1,7.110071045,1000
0486-DORIAN GRAY LOW GLOSS,2022-06-25 00:00:00,6,985.5,U0486_AKZO,7,10498.14355,10.65260635,1,10.65260635,985.5
0486-DORIAN GRAY LOW GLOSS,2022-08-22 00:00:00,9,1427.51,U0486_AKZO,10,13371.68148,9.367136817,1,9.367136817,1427.51
0486-DORIAN GRAY LOW GLOSS,2022-08-27 00:00:00,8,1344,U0486_AKZO,10,15292.08894,11.37804237,1,11.37804237,1344
0486-DORIAN GRAY LOW GLOSS,2022-09-01 00:00:00,4,757,U0486_AKZO,6,9089.856804,12.00773686,1,12.00773686,757
0486-DORIAN GRAY LOW GLOSS,2022-09-02 00:00:00,7,1324.75,U0486_AKZO,5,7507.503324,5.667109511,1,5.667109511,1324.75
0486-DORIAN GRAY LOW GLOSS,2022-09-03 00:00:00,4,756.5,U0486_AKZO,7,10786.10892,14.25791001,1,14.25791001,756.5
0486-DORIAN GRAY LOW GLOSS,2022-09-04 00:00:00,14,2322.295,U0486_AKZO,20,29576.86917,12.73605169,1,12.73605169,2322.295
0486-DORIAN GRAY LOW GLOSS,2022-09-09 00:00:00,5,538.5,U0486_AKZO,4,5735.295053,10.65050149,1,10.65050149,538.5
0486-DORIAN GRAY LOW GLOSS,2022-09-11 00:00:00,,,,1,1495.477172,,1,4.426563089,921.4896875
0486-DORIAN GRAY LOW GLOSS,2022-09-12 00:00:00,19,2948,U0486_AKZO,19,27849.20814,9.446814158,1,9.446814158,2948
0486-DORIAN GRAY LOW GLOSS,2022-09-13 00:00:00,2,249.25,U0486_AKZO,1,1511.02617,6.062291554,1,6.062291554,249.25
0486-DORIAN GRAY LOW GLOSS,2022-09-14 00:00:00,13,2001.75,U0486_AKZO,20,29723.52737,14.84877101,1,14.84877101,2001.75
0486-DORIAN GRAY LOW GLOSS,2022-09-15 00:00:00,1,30,U0486_AKZO,,,,1,975.9354747,30
0486-DORIAN GRAY LOW GLOSS,2022-09-17 00:00:00,5,797,U0486_AKZO,13,19740.46476,24.76846269,1,24.76846269,797
0486-DORIAN GRAY LOW GLOSS,2022-09-23 00:00:00,6,1095.5,U0486_AKZO,5,7245.915297,6.614254036,1,6.614254036,1095.5
0486-DORIAN GRAY LOW GLOSS,2022-09-24 00:00:00,8,1043.585,U0486_AKZO,8,12200.42384,11.69087697,1,11.69087697,1043.585
0486-DORIAN GRAY LOW GLOSS,2022-09-25 00:00:00,1,189.25,U0486_AKZO,4,5675.977412,29.99195462,1,29.99195462,189.25
0486-DORIAN GRAY LOW GLOSS,2022-09-26 00:00:00,5,946.25,U0486_AKZO,9,13569.24454,14.34002065,1,14.34002065,946.25
0486-DORIAN GRAY LOW GLOSS,2022-09-27 00:00:00,9,1474.75,U0486_AKZO,13,20541.56605,13.92884628,1,13.92884628,1474.75
0486-DORIAN GRAY LOW GLOSS,2022-09-29 00:00:00,8,1354,U0486_AKZO,1,1250.588,0.923624815,1,0.923624815,1354
0486-DORIAN GRAY LOW GLOSS,2022-09-30 00:00:00,1,189.25,U0486_AKZO,,,,1,5.684502001,189.25
0486-DORIAN GRAY LOW GLOSS,2022-10-02 00:00:00,2,349.25,U0486_AKZO,5,5534.306,15.84625913,1,15.84625913,349.25
0486-DORIAN GRAY LOW GLOSS,2022-10-05 00:00:00,3,567.75,U0486_AKZO,8,8000.1247,14.09092858,1,14.09092858,567.75
0486-DORIAN GRAY LOW GLOSS,2022-10-06 00:00:00,6,1005.5,U0486_AKZO,9,10747.86858,10.68907864,1,10.68907864,1005.5
0486-DORIAN GRAY LOW GLOSS,2022-10-07 00:00:00,3,502.75,U0486_AKZO,6,6740.754736,13.40776676,1,13.40776676,502.75
0486-DORIAN GRAY LOW GLOSS,2022-10-08 00:00:00,6,861.25,U0486_AKZO,5,7838.662355,9.101494751,1,9.101494751,861.25
0486-DORIAN GRAY LOW GLOSS,2022-10-12 00:00:00,2,238.5,U0486_AKZO,4,4021.82,16.86297694,1,16.86297694,238.5
0486-DORIAN GRAY LOW GLOSS,2022-10-13 00:00:00,4,609.25,U0486_AKZO,4,4928.02139,8.088668675,1,8.088668675,609.25
0486-DORIAN GRAY LOW GLOSS,2022-10-21 00:00:00,4,697,U0486_AKZO,9,8852.494,12.70085222,1,12.70085222,697
0486-DORIAN GRAY LOW GLOSS,2022-10-22 00:00:00,12,1881.75,U0486_AKZO,7,8541.47891,4.539114606,1,4.539114606,1881.75
0486-DORIAN GRAY LOW GLOSS,2022-10-25 00:00:00,14,2291.75,U0486_AKZO,21,30129.06618,13.14675082,1,13.14675082,2291.75
0486-DORIAN GRAY LOW GLOSS,2022-10-26 00:00:00,9,1374.75,U0486_AKZO,15,20042.14401,14.57875542,1,14.57875542,1374.75
0486-DORIAN GRAY LOW GLOSS,2022-10-27 00:00:00,6,995.5,U0486_AKZO,3,4956.086158,4.97848936,1,4.97848936,995.5
0486-DORIAN GRAY LOW GLOSS,2022-10-30 00:00:00,15,2391.98,U0486_AKZO,30,38425.55791,16.06433077,1,16.06433077,2391.98
0486-DORIAN GRAY LOW GLOSS,2022-11-01 00:00:00,1,189.25,U0486_AKZO,5,6736.73152,35.59699614,1,35.59699614,189.25
0486-DORIAN GRAY LOW GLOSS,2022-11-02 00:00:00,11,1758.25,U0486_AKZO,11,15670.96363,8.912818784,1,8.912818784,1758.25
0486-DORIAN GRAY LOW GLOSS,2022-11-04 00:00:00,6,876.25,U0486_AKZO,14,14371.388,16.40101341,1,16.40101341,876.25
0486-DORIAN GRAY LOW GLOSS,2022-11-05 00:00:00,6,985.5,U0486_AKZO,8,12665.64308,12.85199704,1,12.85199704,985.5
0486-DORIAN GRAY LOW GLOSS,2022-11-06 00:00:00,14,2331,U0486_AKZO,16,23544.23694,10.10048775,1,10.10048775,2331
0486-DORIAN GRAY LOW GLOSS,2022-11-07 00:00:00,5,636.16,U0486_AKZO,5,7171.226901,11.2726781,1,11.2726781,636.16
0486-DORIAN GRAY LOW GLOSS,2022-11-10 00:00:00,7,1005.5,U0486_AKZO,4,6559.673649,6.523792789,1,6.523792789,1005.5
0486-DORIAN GRAY LOW GLOSS,2022-11-11 00:00:00,6,986.25,U0486_AKZO,3,5274.813611,5.348353471,1,5.348353471,986.25
0486-DORIAN GRAY LOW GLOSS,2022-11-12 00:00:00,12,2053.25,U0486_AKZO,11,19405.2119,9.450973774,1,9.450973774,2053.25
0486-DORIAN GRAY LOW GLOSS,2022-11-13 00:00:00,4,757,U0486_AKZO,7,6977.12275,9.216806803,1,9.216806803,757
0486-DORIAN GRAY LOW GLOSS,2022-11-15 00:00:00,15,2514.5,U0486_AKZO,17,23704.44728,9.427101723,1,9.427101723,2514.5
0486-DORIAN GRAY LOW GLOSS,2022-11-18 00:00:00,2,378.5,U0486_AKZO,2,3533.616419,9.335842586,1,9.335842586,378.5
0486-DORIAN GRAY LOW GLOSS,2022-11-19 00:00:00,13,2210.44,U0486_AKZO,14,14691.264,6.646307522,1,6.646307522,2210.44
0486-DORIAN GRAY LOW GLOSS,2022-11-20 00:00:00,2,108.5,U0486_AKZO,,,,1,128.7570473,108.5
0486-DORIAN GRAY LOW GLOSS,2022-11-21 00:00:00,,,,3,5305.965753,,1,0,1012.14
0486-DORIAN GRAY LOW GLOSS,2022-11-22 00:00:00,7,1216.25,U0486_AKZO,9,10518.18105,8.648041973,1,8.648041973,1216.25
0486-DORIAN GRAY LOW GLOSS,2022-11-23 00:00:00,7,1110.5,U0486_AKZO,1,1309.427455,1.179133233,1,1.179133233,1110.5
0486-DORIAN GRAY LOW GLOSS,2022-11-24 00:00:00,4,577.75,U0486_AKZO,7,8137.792291,14.08531768,1,14.08531768,577.75
0486-DORIAN GRAY LOW GLOSS,2022-11-25 00:00:00,4,567.75,U0486_AKZO,,,,1,0.24809014,567.75
0486-DORIAN GRAY LOW GLOSS,2022-11-27 00:00:00,2,288.5,U0486_AKZO,1,1058.66595,3.669552686,1,3.669552686,288.5
0486-DORIAN GRAY LOW GLOSS,2022-11-29 00:00:00,7,997,U0486_AKZO,3,4938.21859,4.953077824,1,4.953077824,997
0486-DORIAN GRAY LOW GLOSS,2022-12-01 00:00:00,1,189.25,U0486_AKZO,2,2529.952,13.36830647,1,13.36830647,189.25
0486-DORIAN GRAY LOW GLOSS,2022-12-02 00:00:00,8,1324.75,U0486_AKZO,12,15374.738,11.60576562,1,11.60576562,1324.75
0486-DORIAN GRAY LOW GLOSS,2022-12-03 00:00:00,3,567.75,U0486_AKZO,3,3252.875,5.729414355,1,5.729414355,567.75
0486-DORIAN GRAY LOW GLOSS,2022-12-04 00:00:00,19,3253.23,U0486_AKZO,18,29288.8746,9.003013805,1,9.003013805,3253.23
0486-DORIAN GRAY LOW GLOSS,2022-12-06 00:00:00,8,1204.75,U0486_AKZO,7,11762.4113,9.763362772,1,9.763362772,1204.75
0486-DORIAN GRAY LOW GLOSS,2022-12-09 00:00:00,7,1083.26,U0486_AKZO,11,14739.38161,13.60650408,1,13.60650408,1083.26
0486-DORIAN GRAY LOW GLOSS,2022-12-10 00:00:00,2,278.5,U0486_AKZO,,,,1,39.31766688,278.5
0486-DORIAN GRAY LOW GLOSS,2022-12-14 00:00:00,10,1703.25,U0486_AKZO,16,22467.5815,13.19100631,1,13.19100631,1703.25
0486-DORIAN GRAY LOW GLOSS,2022-12-15 00:00:00,7,1244.75,U0486_AKZO,16,16840.14805,13.52893999,1,13.52893999,1244.75
0486-DORIAN GRAY LOW GLOSS,2022-12-16 00:00:00,4,587,U0486_AKZO,3,3264.58806,5.561478807,1,5.561478807,587
0486-DORIAN GRAY LOW GLOSS,2022-12-19 00:00:00,6,837,U0486_AKZO,15,17847.65286,21.32336065,1,21.32336065,837
0486-DORIAN GRAY LOW GLOSS,2022-12-24 00:00:00,6,946.25,U0486_AKZO,8,11806.49296,12.47713919,1,12.47713919,946.25
0486-DORIAN GRAY LOW GLOSS,2022-12-28 00:00:00,3,567.75,U0486_AKZO,7,10557.97122,18.59616243,1,18.59616243,567.75
0486-DORIAN GRAY LOW GLOSS,2022-12-29 00:00:00,1,189.25,U0486_AKZO,2,3030.689003,16.01420873,1,16.01420873,189.25
0486-DORIAN GRAY LOW GLOSS,2022-12-30 00:00:00,6,667.75,U0486_AKZO,8,11610.34428,17.38726212,1,17.38726212,667.75
0486-DORIAN GRAY LOW GLOSS,2023-01-03 00:00:00,,,,1,1446.193259,,1,0.602580011,645.3833333
0486-DORIAN GRAY LOW GLOSS,2023-01-04 00:00:00,9,1414,U0486_AKZO,8,11721.93608,8.289912359,1,8.289912359,1414
0486-DORIAN GRAY LOW GLOSS,2023-01-07 00:00:00,7,1175.5,U0486_AKZO,13,18713.0968,15.91926567,1,15.91926567,1175.5
0486-DORIAN GRAY LOW GLOSS,2023-01-08 00:00:00,2,378.5,U0486_AKZO,1,1576.699996,4.165653888,1,4.165653888,378.5
0486-DORIAN GRAY LOW GLOSS,2023-01-14 00:00:00,5,946.25,U0486_AKZO,10,12476.01905,13.18469648,1,13.18469648,946.25
0486-DORIAN GRAY LOW GLOSS,2023-01-15 00:00:00,3,308.5,U0486_AKZO,,,,1,27.25620805,308.5
0486-DORIAN GRAY LOW GLOSS,2023-01-24 00:00:00,5,867.75,U0486_AKZO,4,5394.868381,6.217076786,1,6.217076786,867.75
0486-DORIAN GRAY LOW GLOSS,2023-01-25 00:00:00,1,114.25,U0486_AKZO,,,,1,41.00277775,114.25
0486-DORIAN GRAY LOW GLOSS,2023-02-10 00:00:00,7,985.5,U0486_AKZO,6,7482.842328,7.592939958,1,7.592939958,985.5
0486-DORIAN GRAY LOW GLOSS,2023-02-19 00:00:00,1,149,U0486_AKZO,9,9349.116,62.74574497,1,62.74574497,149
0486-DORIAN GRAY LOW GLOSS,2023-02-20 00:00:00,8,1141.5,U0486_AKZO,5,6519.347938,5.711211509,1,5.711211509,1141.5
0486-DORIAN GRAY LOW GLOSS,2023-03-02 00:00:00,6,896.25,U0486_AKZO,6,6542.344,7.299686471,1,7.299686471,896.25
0486-DORIAN GRAY LOW GLOSS,2023-03-05 00:00:00,4,408.5,U0486_AKZO,3,4488.164444,10.98693866,1,10.98693866,408.5
0486-DORIAN GRAY LOW GLOSS,2023-03-15 00:00:00,2,268.5,U0486_AKZO,2,2518.061,9.378253259,1,9.378253259,268.5
0486-DORIAN GRAY LOW GLOSS,2023-03-23 00:00:00,,,,1,1473.05047,,1,6.652727264,923.88075
0486-DORIAN GRAY LOW GLOSS,2023-03-24 00:00:00,2,129,U0486_AKZO,,,,1,0,129
0486-DORIAN GRAY LOW GLOSS,2023-04-30 00:00:00,3,497.75,U0486_AKZO,,,,1,0,497.75
0486-DORIAN GRAY LOW GLOSS,2023-05-01 00:00:00,5,561.255,U0486_AKZO,1,1501.974878,2.676100664,1,2.676100664,561.255
0486-DORIAN GRAY LOW GLOSS,2023-10-05 00:00:00,5,946.25,U0486_AKZO,3,4022.540548,4.251033605,1,4.251033605,946.25
0486-DORIAN GRAY LOW GLOSS,2023-10-06 00:00:00,4,597,U0486_AKZO,3,4427.699,7.41658124,1,7.41658124,597
0486-DORIAN GRAY LOW GLOSS,2023-10-11 00:00:00,8,1431.337,U0486_AKZO,9,13458.85844,9.402997641,1,9.402997641,1431.337
0486-DORIAN GRAY LOW GLOSS,2023-10-13 00:00:00,4,757,U0486_AKZO,10,16910.17162,22.33840372,1,22.33840372,757
0486-DORIAN GRAY LOW GLOSS,2023-10-14 00:00:00,4,757,U0486_AKZO,6,9251.321852,12.22103283,1,12.22103283,757
0486-DORIAN GRAY LOW GLOSS,2023-10-21 00:00:00,16,2838.75,U0486_AKZO,22,29383.7691,10.35095345,1,10.35095345,2838.75
0486-DORIAN GRAY LOW GLOSS,2023-10-22 00:00:00,4,562,U0486_AKZO,2,2706.378398,4.815619925,1,4.815619925,562
0486-DORIAN GRAY LOW GLOSS,2023-11-01 00:00:00,6,952,U0486_AKZO,10,12366.20356,12.98970962,1,12.98970962,952
0486-DORIAN GRAY LOW GLOSS,2023-11-02 00:00:00,1,129.25,U0486_AKZO,,,,1,82.68691368,129.25
0486-DORIAN GRAY LOW GLOSS,2023-11-08 00:00:00,4,617.75,U0486_AKZO,5,5483.542,8.87663618,1,8.87663618,617.75
0486-DORIAN GRAY LOW GLOSS,2023-11-10 00:00:00,5,637,U0486_AKZO,6,8955.518422,14.05889862,1,14.05889862,637
0486-DORIAN GRAY LOW GLOSS,2023-11-11 00:00:00,14,2462.5,U0486_AKZO,11,16787.64926,6.817319496,1,6.817319496,2462.5
0486-DORIAN GRAY LOW GLOSS,2023-11-13 00:00:00,6,906.25,U0486_AKZO,8,10126.66039,11.17424594,1,11.17424594,906.25
0486-DORIAN GRAY LOW GLOSS,2023-11-14 00:00:00,5,718.5,U0486_AKZO,2,3106.934422,4.324195437,1,4.324195437,718.5
0486-DORIAN GRAY LOW GLOSS,2023-11-16 00:00:00,4,717,U0486_AKZO,8,10522.3,14.67545328,1,14.67545328,717
0486-DORIAN GRAY LOW GLOSS,2023-11-20 00:00:00,1,139.25,U0486_AKZO,2,3154.674,22.65475045,1,22.65475045,139.25
0486-DORIAN GRAY LOW GLOSS,2023-11-21 00:00:00,11,1334.75,U0486_AKZO,7,11510.50004,8.623712336,1,8.623712336,1334.75
0486-DORIAN GRAY LOW GLOSS,2023-11-26 00:00:00,6,985.5,U0486_AKZO,11,12273.81616,12.45440503,1,12.45440503,985.5
0486-DORIAN GRAY LOW GLOSS,2023-11-30 00:00:00,9,1286.25,U0486_AKZO,12,14944.19298,11.6184202,1,11.6184202,1286.25
0486-DORIAN GRAY LOW GLOSS,2023-12-06 00:00:00,9,1364,U0486_AKZO,20,21775.326,15.96431525,1,15.96431525,1364
0486-DORIAN GRAY LOW GLOSS,2023-12-20 00:00:00,10,1584,U0486_AKZO,26,35194.53854,22.21877433,1,22.21877433,1584
0486-DORIAN GRAY LOW GLOSS,2023-12-23 00:00:00,8,1513.243,U0486_AKZO,40,40440.7689,26.72457028,1,26.72457028,1513.243
0486-DORIAN GRAY LOW GLOSS,2023-12-24 00:00:00,1,80,U0486_AKZO,,,,1,478.785041,80
0486-DORIAN GRAY LOW GLOSS,2023-12-27 00:00:00,5,876.25,U0486_AKZO,22,22311.568,25.46255977,1,25.46255977,876.25
0486-DORIAN GRAY LOW GLOSS,2023-12-30 00:00:00,8,1155.5,U0486_AKZO,24,29598.58759,25.61539385,1,25.61539385,1155.5
0486-DORIAN GRAY LOW GLOSS,2024-01-01 00:00:00,6,975.5,U0486_AKZO,9,9291.881,9.525249616,1,9.525249616,975.5
0486-DORIAN GRAY LOW GLOSS,2024-01-05 00:00:00,12,1719.912,U0486_AKZO,12,14108.91981,8.203280056,1,8.203280056,1719.912
0486-DORIAN GRAY LOW GLOSS,2024-01-12 00:00:00,,,,1,1049.286,,1,11.76579627,706.5384286
0486-DORIAN GRAY LOW GLOSS,2024-01-13 00:00:00,13,2330.25,U0486_AKZO,7,9554.630921,4.100260024,1,4.100260024,2330.25
0486-DORIAN GRAY LOW GLOSS,2024-01-16 00:00:00,2,319.25,U0486_AKZO,3,3561.998,11.15739389,1,11.15739389,319.25
0486-DORIAN GRAY LOW GLOSS,2024-01-21 00:00:00,8,1194.75,U0486_AKZO,15,15610.1882,13.0656524,1,13.0656524,1194.75
0486-DORIAN GRAY LOW GLOSS,2024-01-27 00:00:00,3,508.5,U0486_AKZO,3,3389.25205,6.665195772,1,6.665195772,508.5
0486-DORIAN GRAY LOW GLOSS,2024-01-28 00:00:00,1,109.25,U0486_AKZO,,,,1,24.35770629,109.25
0486-DORIAN GRAY LOW GLOSS,2024-02-05 00:00:00,2,289.038,U0486_AKZO,4,4881.15738,16.88759741,1,16.88759741,289.038
0486-DORIAN GRAY LOW GLOSS,2024-02-06 00:00:00,3,419.25,U0486_AKZO,3,3664.37188,8.740302636,1,8.740302636,419.25
0486-DORIAN GRAY LOW GLOSS,2024-02-11 00:00:00,,,,1,1023.096,,1,3.532190525,703.5892857
0486-DORIAN GRAY LOW GLOSS,2024-02-12 00:00:00,6,966.25,U0486_AKZO,10,13097.11036,13.55457735,1,13.55457735,966.25
0486-DORIAN GRAY LOW GLOSS,2024-03-09 00:00:00,9,1324.75,U0486_AKZO,18,23338.47046,17.61726398,1,17.61726398,1324.75
0486-DORIAN GRAY LOW GLOSS,2024-03-23 00:00:00,,,,4,4945.984,,1,20.76570734,608.0423077
0486-DORIAN GRAY LOW GLOSS,2024-03-24 00:00:00,6,1006.25,U0486_AKZO,3,3643.132,3.620503851,1,3.620503851,1006.25
0486-DORIAN GRAY LOW GLOSS,2024-03-30 00:00:00,1,189.25,U0486_AKZO,,,,1,15.62986339,189.25
0486-DORIAN GRAY LOW GLOSS,2024-07-22 00:00:00,2,99.25,U0486_AKZO,2,2064.258,20.79856927,1,20.79856927,99.25
0486-DORIAN GRAY LOW GLOSS,2024-07-31 00:00:00,4,687,U0486_AKZO,12,12265.39723,17.8535622,1,17.8535622,687
0486-DORIAN GRAY LOW GLOSS,2024-08-01 00:00:00,3,448.5,U0486_AKZO,2,2421.8288,5.399841249,1,5.399841249,448.5
0486-DORIAN GRAY LOW GLOSS,2024-08-02 00:00:00,4,617,U0486_AKZO,12,12674.79,20.5426094,1,20.5426094,617
0486-DORIAN GRAY LOW GLOSS,2024-08-05 00:00:00,4,657,U0486_AKZO,8,8972.82399,13.65726635,1,13.65726635,657
0486-DORIAN GRAY LOW GLOSS,2024-08-06 00:00:00,3,478.5,U0486_AKZO,2,2093.53746,4.375208903,1,4.375208903,478.5
0486-DORIAN GRAY LOW GLOSS,2024-08-10 00:00:00,4,757,U0486_AKZO,4,4755.82,6.282457067,1,6.282457067,757
0486-DORIAN GRAY LOW GLOSS,2024-08-12 00:00:00,,,,5,4962.6,,1,1.114827618,642.9142857
0486-DORIAN GRAY LOW GLOSS,2024-08-13 00:00:00,6,1005.5,U0486_AKZO,12,13234.908,13.16251417,1,13.16251417,1005.5
0486-DORIAN GRAY LOW GLOSS,2024-08-17 00:00:00,6,916.25,U0486_AKZO,10,9883.5523,10.78696022,1,10.78696022,916.25
0486-DORIAN GRAY LOW GLOSS,2024-08-23 00:00:00,5,697.75,U0486_AKZO,3,2923.91601,4.190492311,1,4.190492311,697.75
0486-DORIAN GRAY LOW GLOSS,2024-08-27 00:00:00,3,345.3,U0486_AKZO,1,1045.418,3.027564437,1,3.027564437,345.3
0486-DORIAN GRAY LOW GLOSS,2024-08-28 00:00:00,,,,4,4272.53,,1,1.228473776,581.0813333
0486-DORIAN GRAY LOW GLOSS,2024-08-29 00:00:00,,,,2,2450.25794,,1,0,612.6075
0486-DORIAN GRAY LOW GLOSS,2024-08-30 00:00:00,1,80,U0486_AKZO,10,10759.382,134.492275,1,134.492275,80
0486-DORIAN GRAY LOW GLOSS,2024-08-31 00:00:00,8,1344,U0486_AKZO,12,12504.699,9.304091518,1,9.304091518,1344
0486-DORIAN GRAY LOW GLOSS,2024-09-01 00:00:00,2,229.25,U0486_AKZO,,,,1,45.2420328,229.25
0486-DORIAN GRAY LOW GLOSS,2024-09-06 00:00:00,2,249.25,U0486_AKZO,3,3603.877,14.45888465,1,14.45888465,249.25
0486-DORIAN GRAY LOW GLOSS,2024-09-09 00:00:00,4,477,U0486_AKZO,4,4534.028,9.50529979,1,9.50529979,477
0486-DORIAN GRAY LOW GLOSS,2024-09-12 00:00:00,5,598.5,U0486_AKZO,6,6516.95815,10.88881896,1,10.88881896,598.5
0486-DORIAN GRAY LOW GLOSS,2024-10-03 00:00:00,4,597.75,U0486_AKZO,2,2053.468,3.435329151,1,3.435329151,597.75
0486-DORIAN GRAY LOW GLOSS,2024-10-05 00:00:00,5,816.25,U0486_AKZO,5,7087.647609,8.68318237,1,8.68318237,816.25
0486-DORIAN GRAY LOW GLOSS,2024-10-07 00:00:00,9,1365.5,U0486_AKZO,7,10805.83371,7.913462989,1,7.913462989,1365.5
0486-DORIAN GRAY LOW GLOSS,2024-10-08 00:00:00,2,278.5,U0486_AKZO,1,1542.63155,5.539071993,1,5.539071993,278.5
0486-DORIAN GRAY LOW GLOSS,2024-10-11 00:00:00,3,299.22,U0486_AKZO,2,1965.24902,6.567906624,1,6.567906624,299.22
0486-DORIAN GRAY LOW GLOSS,2024-11-14 00:00:00,2,378.5,U0486_AKZO,9,10927.97019,28.87178385,1,28.87178385,378.5
0486-DORIAN GRAY LOW GLOSS,2024-11-15 00:00:00,4,677.75,U0486_AKZO,1,1124.804,1.659614902,1,1.659614902,677.75
0486-DORIAN GRAY LOW GLOSS,2024-11-24 00:00:00,5,687,U0486_AKZO,3,3668.031673,5.339201853,1,5.339201853,687
0486-DORIAN GRAY LOW GLOSS,2024-12-07 00:00:00,4,637.75,U0486_AKZO,6,6968.794302,10.92715688,1,10.92715688,637.75
0486-DORIAN GRAY LOW GLOSS,2024-12-12 00:00:00,7,1085.5,U0486_AKZO,17,19129.19068,17.62246954,1,17.62246954,1085.5
0486-DORIAN GRAY LOW GLOSS,2024-12-13 00:00:00,1,50,U0486_AKZO,,,,1,364.9613441,50
0486-DORIAN GRAY LOW GLOSS,2024-12-15 00:00:00,3,567.75,U0486_AKZO,14,15545.50571,27.38089953,1,27.38089953,567.75
0486-DORIAN GRAY LOW GLOSS,2024-12-16 00:00:00,8,1384.75,U0486_AKZO,15,16089.46447,11.61903916,1,11.61903916,1384.75
0486-DORIAN GRAY LOW GLOSS,2024-12-22 00:00:00,10,1892.5,U0486_AKZO,12,16978.35114,8.971387658,1,8.971387658,1892.5
0486-DORIAN GRAY LOW GLOSS,2024-12-23 00:00:00,2,378.5,U0486_AKZO,9,10126.47976,26.75423979,1,26.75423979,378.5
0486-DORIAN GRAY LOW GLOSS,2024-12-24 00:00:00,6,1045.5,U0486_AKZO,14,16784.0967,16.05365538,1,16.05365538,1045.5
0541-NEGRO BOILER,2021-03-28 00:00:00,1,119.25,U0541_AKZO,1,950.313,7.969081761,1,7.969081761,119.25
0541-NEGRO BOILER,2021-07-29 00:00:00,2,119.25,U0541_AKZO,1,1455.066,12.20181132,1,12.20181132,119.25
0541-NEGRO BOILER,2021-11-18 00:00:00,2,219.25,U0541_AKZO,4,4931.49,22.49254276,1,22.49254276,219.25
0541-NEGRO BOILER,2022-09-02 00:00:00,1,181.68,U0541_AKZO,4,3672.10878,20.21195938,1,20.21195938,181.68
0541-NEGRO BOILER,2023-01-09 00:00:00,1,61,U0541_AKZO,,,,1,39.98654521,61
0541-NEGRO BOILER,2023-06-15 00:00:00,1,89.25,U0541_AKZO,2,980.049,10.98094118,1,10.98094118,89.25
0541-NEGRO BOILER,2023-06-17 00:00:00,1,77,U0541_AKZO,1,870.498,11.30516883,1,11.30516883,77
0541-NEGRO BOILER,2023-10-08 00:00:00,1,100,U0541_AKZO,,,,1,2.600188831,100
0541-NEGRO BOILER,2023-12-30 00:00:00,4,208.091,U0541_AKZO,7,5945.393,28.57112033,1,28.57112033,208.091
1013-DYNAPRIME 2821,2020-06-03 00:00:00,1,29.25,U1013_VALS,3,2060.755,70.45316239,1,70.45316239,29.25
1013-DYNAPRIME 2821,2022-04-27 00:00:00,3,263.25,U1013_VALS,,,,1,62.62503324,263.25
1013-DYNAPRIME 2821,2022-04-28 00:00:00,1,49.25,U1013_VALS,,,,1,0,49.25
1013-DYNAPRIME 2821,2022-05-04 00:00:00,3,578.5,U1013_VALS,4,5829.069,10.07617805,1,10.07617805,578.5
1013-DYNAPRIME 2821,2022-05-05 00:00:00,4,597.5,U1013_VALS,13,16320.69383,27.31496875,1,27.31496875,597.5
1013-DYNAPRIME 2821,2022-05-12 00:00:00,2,400,U1013_VALS,5,6924.481,17.3112025,1,17.3112025,400
1013-DYNAPRIME 2821,2022-05-13 00:00:00,6,940,U1013_VALS,9,12983.63338,13.81237594,1,13.81237594,940
1013-DYNAPRIME 2821,2022-05-18 00:00:00,4,655,U1013_VALS,13,16748.6172,25.57040794,1,25.57040794,655
1013-DYNAPRIME 2821,2022-05-19 00:00:00,9,1079.25,U1013_VALS,26,29353.38059,27.19794356,1,27.19794356,1079.25
1013-DYNAPRIME 2821,2022-05-20 00:00:00,2,200,U1013_VALS,,,,1,119.5689594,200
1013-DYNAPRIME 2821,2022-05-27 00:00:00,5,640,U1013_VALS,16,14920.85,23.31382813,1,23.31382813,640
1013-DYNAPRIME 2821,2022-05-28 00:00:00,2,360,U1013_VALS,7,6252.55146,17.3681985,1,17.3681985,360
1013-DYNAPRIME 2821,2022-05-31 00:00:00,3,600,U1013_VALS,22,30355.633,50.59272167,1,50.59272167,600
1013-DYNAPRIME 2821,2022-06-01 00:00:00,2,240,U1013_VALS,9,10851.81439,45.21589329,1,45.21589329,240
1013-DYNAPRIME 2821,2022-06-05 00:00:00,7,880,U1013_VALS,26,34216.76926,38.88269234,1,38.88269234,880
1013-DYNAPRIME 2821,2022-06-15 00:00:00,2,400,U1013_VALS,15,13722.902,34.307255,1,34.307255,400
1013-DYNAPRIME 2821,2022-06-16 00:00:00,8,1160,U1013_VALS,22,21353.42406,18.40812419,1,18.40812419,1160
1013-DYNAPRIME 2821,2022-06-18 00:00:00,1,200,U1013_VALS,5,4542.74456,22.7137228,1,22.7137228,200
1013-DYNAPRIME 2821,2022-06-19 00:00:00,11,1330,U1013_VALS,14,15238.1536,11.45725835,1,11.45725835,1330
1013-DYNAPRIME 2821,2022-06-22 00:00:00,2,275,U1013_VALS,14,13095.45383,47.61983211,1,47.61983211,275
1013-DYNAPRIME 2821,2022-06-23 00:00:00,5,615,U1013_VALS,8,7047.23097,11.45891215,1,11.45891215,615
1013-DYNAPRIME 2821,2022-06-27 00:00:00,3,444.25,U1013_VALS,15,15572.90542,35.05437348,1,35.05437348,444.25
1013-DYNAPRIME 2821,2022-06-28 00:00:00,3,375,U1013_VALS,10,9767.8815,26.047684,1,26.047684,375
1013-DYNAPRIME 2821,2022-06-29 00:00:00,3,325.25,U1013_VALS,6,8057.057,24.77188932,1,24.77188932,325.25
1013-DYNAPRIME 2821,2022-06-30 00:00:00,4,440,U1013_VALS,13,13771.79684,31.29953828,1,31.29953828,440
1013-DYNAPRIME 2821,2022-07-05 00:00:00,4,540.25,U1013_VALS,19,21233.95711,39.30394652,1,39.30394652,540.25
1013-DYNAPRIME 2821,2022-07-07 00:00:00,2,275,U1013_VALS,4,3865.848,14.05762909,1,14.05762909,275
1013-DYNAPRIME 2821,2022-07-08 00:00:00,1,115,U1013_VALS,,,,1,19.55844047,115
1013-DYNAPRIME 2821,2022-07-10 00:00:00,4,567.75,U1013_VALS,7,6144.61689,10.82275102,1,10.82275102,567.75
1013-DYNAPRIME 2821,2022-07-11 00:00:00,2,268.5,U1013_VALS,6,5835.419,21.7334041,1,21.7334041,268.5
1013-DYNAPRIME 2821,2022-07-12 00:00:00,1,120,U1013_VALS,8,8768.58134,73.07151117,1,73.07151117,120
1013-DYNAPRIME 2821,2022-07-13 00:00:00,9,914.75,U1013_VALS,15,13801.942,15.08821208,1,15.08821208,914.75
1013-DYNAPRIME 2821,2022-07-14 00:00:00,6,797.75,U1013_VALS,,,,1,2.212874727,797.75
1013-DYNAPRIME 2821,2022-07-15 00:00:00,2,313.5,U1013_VALS,6,8215.61013,26.20609292,1,26.20609292,313.5
1013-DYNAPRIME 2821,2022-07-17 00:00:00,2,254.25,U1013_VALS,12,11445.25968,45.01577062,1,45.01577062,254.25
1013-DYNAPRIME 2821,2022-07-18 00:00:00,6,966.25,U1013_VALS,7,6701.828,6.935915136,1,6.935915136,966.25
1013-DYNAPRIME 2821,2022-07-19 00:00:00,4,532.75,U1013_VALS,9,9788.59168,18.37370564,1,18.37370564,532.75
1013-DYNAPRIME 2821,2022-07-20 00:00:00,1,189.25,U1013_VALS,,,,1,33.34936797,189.25
1013-DYNAPRIME 2821,2022-07-21 00:00:00,4,503.5,U1013_VALS,13,18199.09845,36.14518063,1,36.14518063,503.5
1013-DYNAPRIME 2821,2022-07-22 00:00:00,3,432.5,U1013_VALS,4,4290.365,9.919919075,1,9.919919075,432.5
1013-DYNAPRIME 2821,2022-07-23 00:00:00,5,645,U1013_VALS,8,7791.975,12.0805814,1,12.0805814,645
1013-DYNAPRIME 2821,2022-07-24 00:00:00,5,608.25,U1013_VALS,3,2751.632,4.52385039,1,4.52385039,608.25
1013-DYNAPRIME 2821,2022-07-25 00:00:00,4,460.5,U1013_VALS,2,1927.338,4.185315961,1,4.185315961,460.5
1013-DYNAPRIME 2821,2022-07-26 00:00:00,5,695,U1013_VALS,15,17230.199,24.79165324,1,24.79165324,695
1013-DYNAPRIME 2821,2022-07-28 00:00:00,1,105,U1013_VALS,,,,1,139.3054801,105
1013-DYNAPRIME 2821,2022-07-29 00:00:00,2,279.25,U1013_VALS,5,6797.15958,24.34076842,1,24.34076842,279.25
1013-DYNAPRIME 2821,2022-07-31 00:00:00,6,738.5,U1013_VALS,10,11788.26594,15.96244542,1,15.96244542,738.5
1013-DYNAPRIME 2821,2022-08-04 00:00:00,2,340,U1013_VALS,,,,1,18.708925,340
1013-DYNAPRIME 2821,2022-08-05 00:00:00,6,710,U1013_VALS,,,,1,0,710
1013-DYNAPRIME 2821,2022-08-06 00:00:00,6,740,U1013_VALS,,,,1,0,740
1013-DYNAPRIME 2821,2022-08-08 00:00:00,2,260,U1013_VALS,,,,1,0,260
1013-DYNAPRIME 2821,2022-08-09 00:00:00,7,1130,U1013_VALS,,,,1,0,1130
1013-DYNAPRIME 2821,2022-08-10 00:00:00,2,250,U1013_VALS,,,,1,0,250
1013-DYNAPRIME 2821,2022-08-13 00:00:00,,,,5,5658.927,,1,0,479.375
1013-DYNAPRIME 2821,2022-08-14 00:00:00,8,1055,U1013_VALS,11,13915.519,13.1900654,1,13.1900654,1055
1013-DYNAPRIME 2821,2022-08-17 00:00:00,4,435,U1013_VALS,,,,1,18.79963345,435
1013-DYNAPRIME 2821,2022-08-19 00:00:00,4,630,U1013_VALS,,,,1,0,630
1013-DYNAPRIME 2821,2022-08-21 00:00:00,8,1280,U1013_VALS,,,,1,0,1280
1013-DYNAPRIME 2821,2022-08-24 00:00:00,1,200,U1013_VALS,3,4557.485,22.787425,1,22.787425,200
1013-DYNAPRIME 2821,2022-08-25 00:00:00,6,875,U1013_VALS,2,3149.61816,3.599563611,1,3.599563611,875
1013-DYNAPRIME 2821,2022-08-28 00:00:00,5,700,U1013_VALS,10,9345.01458,13.35002083,1,13.35002083,700
1013-DYNAPRIME 2821,2022-09-01 00:00:00,2,400,U1013_VALS,10,9552.18646,23.88046615,1,23.88046615,400
1013-DYNAPRIME 2821,2022-09-06 00:00:00,3,280,U1013_VALS,8,9479.1777,33.85420607,1,33.85420607,280
1013-DYNAPRIME 2821,2022-09-07 00:00:00,1,20,U1013_VALS,,,,1,440.1046789,20
1013-DYNAPRIME 2821,2022-09-08 00:00:00,2,205,U1013_VALS,,,,1,0,205
1013-DYNAPRIME 2821,2022-09-10 00:00:00,6,695,U1013_VALS,4,4575.195,6.583014388,1,6.583014388,695
1013-DYNAPRIME 2821,2022-09-11 00:00:00,1,40,U1013_VALS,,,,1,107.7968606,40
1013-DYNAPRIME 2821,2022-09-13 00:00:00,2,200,U1013_VALS,,,,1,0,200
1013-DYNAPRIME 2821,2022-09-15 00:00:00,3,400,U1013_VALS,,,,1,0,400
1013-DYNAPRIME 2821,2022-09-17 00:00:00,2,255,U1013_VALS,4,4982.555,19.53943137,1,19.53943137,255
1013-DYNAPRIME 2821,2022-09-18 00:00:00,1,65,U1013_VALS,,,,1,57.11526094,65
1013-DYNAPRIME 2821,2022-09-19 00:00:00,7,565,U1013_VALS,5,5626.378,9.95819115,1,9.95819115,565
1013-DYNAPRIME 2821,2022-09-21 00:00:00,2,300,U1013_VALS,3,3266.788,10.88929333,1,10.88929333,300
1013-DYNAPRIME 2821,2022-09-22 00:00:00,5,360,U1013_VALS,,,,1,1.814882222,360
1013-DYNAPRIME 2821,2022-09-24 00:00:00,4,450,U1013_VALS,,,,1,0,450
1013-DYNAPRIME 2821,2022-09-25 00:00:00,1,150,U1013_VALS,,,,1,0,150
1013-DYNAPRIME 2821,2022-09-27 00:00:00,2,200,U1013_VALS,,,,1,0,200
1013-DYNAPRIME 2821,2022-09-28 00:00:00,3,470,U1013_VALS,,,,1,0,470
1013-DYNAPRIME 2821,2022-09-29 00:00:00,1,24.25,U1013_VALS,,,,1,0,24.25
1013-DYNAPRIME 2821,2022-10-05 00:00:00,1,124.25,U1013_VALS,,,,1,0,124.25
1013-DYNAPRIME 2821,2022-10-06 00:00:00,2,90,U1013_VALS,,,,1,0,90
1013-DYNAPRIME 2821,2022-10-17 00:00:00,2,189.25,U1013_VALS,2,1587.762,8.389759577,1,8.389759577,189.25
1013-DYNAPRIME 2821,2022-10-26 00:00:00,1,109.25,U1013_VALS,,,,1,6.143531041,109.25
1013-DYNAPRIME 2821,2022-10-31 00:00:00,3,269.25,U1013_VALS,5,5162.571,19.17389415,1,19.17389415,269.25
1013-DYNAPRIME 2821,2022-11-04 00:00:00,1,85,U1013_VALS,,,,1,41.56223526,85
1013-DYNAPRIME 2821,2022-11-20 00:00:00,2,248.5,U1013_VALS,6,5802.64354,23.35067823,1,23.35067823,248.5
1013-DYNAPRIME 2821,2023-01-14 00:00:00,2,210,U1013_VALS,4,4822.376,22.96369524,1,22.96369524,210
1013-DYNAPRIME 2821,2023-01-21 00:00:00,6,627.75,U1013_VALS,24,21041.658,33.51916846,1,33.51916846,627.75
1013-DYNAPRIME 2821,2023-01-22 00:00:00,6,717,U1013_VALS,,,,1,4.172365112,717
1013-DYNAPRIME 2821,2023-01-27 00:00:00,5,619.25,U1013_VALS,5,5242.99688,8.466688543,1,8.466688543,619.25
1013-DYNAPRIME 2821,2023-01-28 00:00:00,4,310,U1013_VALS,3,3340.249,10.77499677,1,10.77499677,310
1013-DYNAPRIME 2821,2023-01-29 00:00:00,4,444.25,U1013_VALS,6,5777.1434,13.00426201,1,13.00426201,444.25
1013-DYNAPRIME 2821,2023-01-30 00:00:00,2,185,U1013_VALS,,,,1,18.22354015,185
1013-DYNAPRIME 2821,2023-01-31 00:00:00,4,350,U1013_VALS,5,4445.80955,12.702313,1,12.702313,350
1013-DYNAPRIME 2821,2023-02-01 00:00:00,2,165,U1013_VALS,,,,1,14.2419873,165
1013-DYNAPRIME 2821,2023-02-02 00:00:00,2,75,U1013_VALS,,,,1,0,75
1013-DYNAPRIME 2821,2023-02-04 00:00:00,4,417.75,U1013_VALS,2,1875.495,4.48951526,1,4.48951526,417.75
1013-DYNAPRIME 2821,2023-02-06 00:00:00,2,189.25,U1013_VALS,2,1655.394,8.747128137,1,8.747128137,189.25
1013-DYNAPRIME 2821,2023-02-12 00:00:00,4,447.75,U1013_VALS,10,6926.53725,15.46965327,1,15.46965327,447.75
1013-DYNAPRIME 2821,2023-02-13 00:00:00,1,70,U1013_VALS,,,,1,83.48087888,70
1013-DYNAPRIME 2821,2023-02-14 00:00:00,1,50,U1013_VALS,,,,1,0,50
1013-DYNAPRIME 2821,2023-02-15 00:00:00,2,339.25,U1013_VALS,,,,1,0,339.25
1013-DYNAPRIME 2821,2023-02-16 00:00:00,1,139.25,U1013_VALS,5,4209.17,30.22743268,1,30.22743268,139.25
1013-DYNAPRIME 2821,2023-02-19 00:00:00,7,839.25,U1013_VALS,,,,1,25.21203798,839.25
1013-DYNAPRIME 2821,2023-02-22 00:00:00,,,,5,4964.376,,1,0,283.6166667
1013-DYNAPRIME 2821,2023-02-23 00:00:00,3,500,U1013_VALS,12,14480.836,28.961672,1,28.961672,500
1013-DYNAPRIME 2821,2023-02-24 00:00:00,3,400,U1013_VALS,10,11893.56,29.7339,1,29.7339,400
1013-DYNAPRIME 2821,2023-02-25 00:00:00,2,260,U1013_VALS,1,1041.28767,4.004952577,1,4.004952577,260
1013-DYNAPRIME 2821,2023-02-26 00:00:00,4,450,U1013_VALS,3,2632.304,5.849564444,1,5.849564444,450
1013-DYNAPRIME 2821,2023-02-28 00:00:00,2,140,U1013_VALS,,,,1,12.95260698,140
1013-DYNAPRIME 2821,2023-03-06 00:00:00,3,389.25,U1013_VALS,4,3379.822,8.682908157,1,8.682908157,389.25
1013-DYNAPRIME 2821,2023-03-07 00:00:00,1,50,U1013_VALS,,,,1,58.91353184,50
1013-DYNAPRIME 2821,2023-03-08 00:00:00,2,130,U1013_VALS,,,,1,0,130
1013-DYNAPRIME 2821,2023-03-17 00:00:00,1,200,U1013_VALS,14,15303.904,76.51952,1,76.51952,200
1013-DYNAPRIME 2821,2023-03-18 00:00:00,1,125,U1013_VALS,,,,1,45.911712,125
1013-DYNAPRIME 2821,2023-03-22 00:00:00,1,160,U1013_VALS,6,5527.656,34.54785,1,34.54785,160
1013-DYNAPRIME 2821,2023-03-23 00:00:00,4,300,U1013_VALS,,,,1,16.12233,300
1013-DYNAPRIME 2821,2023-03-25 00:00:00,,,,1,1247.16,,1,0,423.3125
1013-DYNAPRIME 2821,2023-03-26 00:00:00,6,800,U1013_VALS,23,21641.777,27.05222125,1,27.05222125,800
1013-DYNAPRIME 2821,2023-03-28 00:00:00,2,150,U1013_VALS,,,,1,117.2262921,150
1013-DYNAPRIME 2821,2023-03-31 00:00:00,1,200,U1013_VALS,,,,1,0,200
1013-DYNAPRIME 2821,2023-04-02 00:00:00,,,,3,3499.62,,1,0,354.3653846
1013-DYNAPRIME 2821,2023-04-03 00:00:00,3,495,U1013_VALS,7,6665.829,13.46632121,1,13.46632121,495
1013-DYNAPRIME 2821,2023-04-05 00:00:00,2,385,U1013_VALS,19,18008.58275,46.77553961,1,46.77553961,385
1013-DYNAPRIME 2821,2023-04-06 00:00:00,2,240,U1013_VALS,,,,1,28.26022185,240
1013-DYNAPRIME 2821,2023-04-08 00:00:00,2,400,U1013_VALS,5,5671.263,14.1781575,1,14.1781575,400
1013-DYNAPRIME 2821,2023-04-11 00:00:00,,,,1,902.55,,1,0.611389301,383.4642857
1013-DYNAPRIME 2821,2023-04-12 00:00:00,2,320,U1013_VALS,20,18685.89438,58.39341994,1,58.39341994,320
1013-DYNAPRIME 2821,2023-04-20 00:00:00,6,555,U1013_VALS,1,837.675,1.509324324,1,1.509324324,555
1013-DYNAPRIME 2821,2023-04-28 00:00:00,6,817,U1013_VALS,23,26122.68666,31.97391268,1,31.97391268,817
1013-DYNAPRIME 2821,2023-05-13 00:00:00,1,130,U1013_VALS,,,,1,168.9698309,130
1013-DYNAPRIME 2821,2023-05-20 00:00:00,,,,15,15794.04884,,1,0,366.6346154
1013-DYNAPRIME 2821,2023-05-21 00:00:00,,,,12,13960.372,,1,0,379.2678571
1013-DYNAPRIME 2821,2023-05-24 00:00:00,7,587.75,U1013_VALS,,,,1,0,587.75
1013-DYNAPRIME 2821,2023-06-09 00:00:00,2,308.5,U1013_VALS,9,8857.83674,28.71259883,1,28.71259883,308.5
1013-DYNAPRIME 2821,2023-07-01 00:00:00,3,139.25,U1013_VALS,1,1194.552,8.578470377,1,8.578470377,139.25
1013-DYNAPRIME 2821,2023-11-12 00:00:00,1,119.25,U1013_VALS,,,,1,1.43873717,119.25
1013-DYNAPRIME 2821,2023-11-28 00:00:00,2,110,U1013_VALS,1,1097.124,9.973854545,1,9.973854545,110
1013-DYNAPRIME 2821,2024-01-11 00:00:00,1,59.25,U1013_VALS,2,3207.321,54.132,1,54.132,59.25
1013-DYNAPRIME 2821,2024-01-12 00:00:00,7,927,U1013_VALS,4,6116.182,6.597823085,1,6.597823085,927
1013-DYNAPRIME 2821,2024-01-13 00:00:00,1,189.25,U1013_VALS,4,3457.056,18.26713871,1,18.26713871,189.25
1013-DYNAPRIME 2821,2024-01-14 00:00:00,6,638.5,U1013_VALS,2,2789.434,4.368729836,1,4.368729836,638.5
1013-DYNAPRIME 2821,2024-01-15 00:00:00,3,467.75,U1013_VALS,,,,1,1.594784862,467.75
1013-DYNAPRIME 2821,2024-01-16 00:00:00,,,,6,7078.5785,,1,0,473.7666667
1013-DYNAPRIME 2821,2024-01-19 00:00:00,,,,17,15199.954,,1,0,469.78125
1013-DYNAPRIME 2821,2024-01-20 00:00:00,1,79.25,U1013_VALS,,,,1,0,79.25
1013-DYNAPRIME 2821,2024-01-22 00:00:00,1,189.25,U1013_VALS,,,,1,0,189.25
1013-DYNAPRIME 2821,2024-01-23 00:00:00,6,951.25,U1013_VALS,,,,1,0,951.25
1013-DYNAPRIME 2821,2024-01-24 00:00:00,5,543.5,U1013_VALS,5,4623.21,8.506366145,1,8.506366145,543.5
1013-DYNAPRIME 2821,2024-01-25 00:00:00,3,518.5,U1013_VALS,,,,1,0.410143016,518.5
1013-DYNAPRIME 2821,2024-01-26 00:00:00,3,319.25,U1013_VALS,5,4377.691,13.71242287,1,13.71242287,319.25
1013-DYNAPRIME 2821,2024-01-27 00:00:00,3,378.5,U1013_VALS,,,,1,2.146528546,378.5
1013-DYNAPRIME 2821,2024-01-28 00:00:00,3,600,U1013_VALS,10,9330.403,15.55067167,1,15.55067167,600
1013-DYNAPRIME 2821,2024-01-29 00:00:00,3,529.25,U1013_VALS,5,5653.46799,10.68203683,1,10.68203683,529.25
1013-DYNAPRIME 2821,2024-01-30 00:00:00,2,250,U1013_VALS,10,8861.737,35.446948,1,35.446948,250
1013-DYNAPRIME 2821,2024-01-31 00:00:00,10,1348.5,U1013_VALS,8,7229.90464,5.361442076,1,5.361442076,1348.5
1013-DYNAPRIME 2821,2024-02-07 00:00:00,4,439.25,U1013_VALS,14,13305.13037,30.2905643,1,30.2905643,439.25
1013-DYNAPRIME 2821,2024-02-17 00:00:00,4,420,U1013_VALS,1,1079.391,2.569978571,1,2.569978571,420
1013-DYNAPRIME 2821,2024-02-22 00:00:00,1,200,U1013_VALS,,,,1,2.826976429,200
1013-DYNAPRIME 2821,2024-02-23 00:00:00,2,340,U1013_VALS,,,,1,0,340
1013-DYNAPRIME 2821,2024-02-24 00:00:00,5,410,U1013_VALS,12,10981.687,26.78460244,1,26.78460244,410
1013-DYNAPRIME 2821,2024-02-25 00:00:00,1,50,U1013_VALS,,,,1,192.8491376,50
1013-DYNAPRIME 2821,2024-02-29 00:00:00,7,800,U1013_VALS,18,15468.185,19.33523125,1,19.33523125,800
1013-DYNAPRIME 2821,2024-03-01 00:00:00,3,230,U1013_VALS,,,,1,47.91774701,230
1013-DYNAPRIME 2821,2024-03-10 00:00:00,1,125,U1013_VALS,2,2260.854,18.086832,1,18.086832,125
1013-DYNAPRIME 2821,2024-03-19 00:00:00,4,375,U1013_VALS,,,,1,12.057888,375
1013-DYNAPRIME 2821,2024-03-27 00:00:00,1,40,U1013_VALS,2,1595.71282,39.8928205,1,39.8928205,40
1013-DYNAPRIME 2821,2024-03-28 00:00:00,5,664.25,U1013_VALS,,,,1,37.49054301,664.25
1013-DYNAPRIME 2821,2024-03-31 00:00:00,3,324.25,U1013_VALS,3,3175.24,9.792567463,1,9.792567463,324.25
1013-DYNAPRIME 2821,2024-04-10 00:00:00,5,846.25,U1013_VALS,17,15545.928,18.37037282,1,18.37037282,846.25
1013-DYNAPRIME 2821,2024-04-11 00:00:00,1,39.25,U1013_VALS,,,,1,377.7042259,39.25
1013-DYNAPRIME 2821,2024-04-12 00:00:00,4,397.75,U1013_VALS,,,,1,0,397.75
1013-DYNAPRIME 2821,2024-04-14 00:00:00,2,228.5,U1013_VALS,10,13615.263,59.58539606,1,59.58539606,228.5
1013-DYNAPRIME 2821,2024-04-15 00:00:00,5,703.5,U1013_VALS,4,4323.326,6.145452736,1,6.145452736,703.5
1013-DYNAPRIME 2821,2024-04-20 00:00:00,6,637.75,U1013_VALS,24,31213.33324,48.94289806,1,48.94289806,637.75
1013-DYNAPRIME 2821,2024-04-21 00:00:00,7,945,U1013_VALS,1,1476.138,1.562050794,1,1.562050794,945
1013-DYNAPRIME 2821,2024-04-27 00:00:00,1,70,U1013_VALS,5,5816.911,83.09872857,1,83.09872857,70
1013-DYNAPRIME 2821,2024-04-28 00:00:00,3,333,U1013_VALS,,,,1,65.63052737,333
1013-DYNAPRIME 2821,2024-04-30 00:00:00,1,189.25,U1013_VALS,4,4108.9533,21.71177437,1,21.71177437,189.25
1013-DYNAPRIME 2821,2024-05-04 00:00:00,2,378.5,U1013_VALS,8,10973.911,28.99315984,1,28.99315984,378.5
1013-DYNAPRIME 2821,2024-05-05 00:00:00,,,,5,7734.401,,1,7.319643285,506.328125
1013-DYNAPRIME 2821,2024-05-17 00:00:00,1,105,U1013_VALS,,,,1,0,105
1013-DYNAPRIME 2821,2024-05-18 00:00:00,8,1405,U1013_VALS,17,16477.098,11.72747189,1,11.72747189,1405
1013-DYNAPRIME 2821,2024-05-19 00:00:00,2,210,U1013_VALS,,,,1,66.73489954,210
1013-DYNAPRIME 2821,2024-05-22 00:00:00,6,778.5,U1013_VALS,13,11859.26716,15.23348383,1,15.23348383,778.5
1013-DYNAPRIME 2821,2024-05-23 00:00:00,2,300,U1013_VALS,3,2796.401,9.321336667,1,9.321336667,300
1013-DYNAPRIME 2821,2024-05-25 00:00:00,2,330,U1013_VALS,15,14401.398,43.6406,1,43.6406,330
1013-DYNAPRIME 2821,2024-05-26 00:00:00,8,1045,U1013_VALS,12,15114.7932,14.46391694,1,14.46391694,1045
1013-DYNAPRIME 2821,2024-05-29 00:00:00,1,20,U1013_VALS,,,,1,741.2757431,20
1013-DYNAPRIME 2821,2024-05-30 00:00:00,11,1085,U1013_VALS,10,9561.496,8.81243871,1,8.81243871,1085
1013-DYNAPRIME 2821,2024-05-31 00:00:00,5,569.25,U1013_VALS,11,13990.323,24.57676416,1,24.57676416,569.25
1013-DYNAPRIME 2821,2024-06-01 00:00:00,3,389.25,U1013_VALS,13,12639.199,32.47064611,1,32.47064611,389.25
1013-DYNAPRIME 2821,2024-06-02 00:00:00,2,254.25,U1013_VALS,,,,1,17.24105103,254.25
1013-DYNAPRIME 2821,2024-06-03 00:00:00,3,435,U1013_VALS,,,,1,0,435
1013-DYNAPRIME 2821,2024-06-06 00:00:00,2,330,U1013_VALS,,,,1,0,330
1013-DYNAPRIME 2821,2024-06-07 00:00:00,3,340,U1013_VALS,10,10461.2898,30.76849941,1,30.76849941,340
1013-DYNAPRIME 2821,2024-06-09 00:00:00,5,505,U1013_VALS,13,12026.534,23.81491881,1,23.81491881,505
1013-DYNAPRIME 2821,2024-06-12 00:00:00,4,415,U1013_VALS,4,3554.7975,8.565777108,1,8.565777108,415
1013-DYNAPRIME 2821,2024-06-15 00:00:00,4,582.25,U1013_VALS,12,13133.06,22.55570631,1,22.55570631,582.25
1013-DYNAPRIME 2821,2024-06-16 00:00:00,6,820,U1013_VALS,4,5537.91882,6.753559537,1,6.753559537,820
1013-DYNAPRIME 2821,2024-06-19 00:00:00,3,290,U1013_VALS,,,,1,12.34271226,290
1013-DYNAPRIME 2821,2024-06-22 00:00:00,1,140,U1013_VALS,,,,1,0,140
1013-DYNAPRIME 2821,2024-06-23 00:00:00,3,200,U1013_VALS,,,,1,0,200
1013-DYNAPRIME 2821,2024-06-29 00:00:00,4,600,U1013_VALS,18,16854.64762,28.09107937,1,28.09107937,600
1013-DYNAPRIME 2821,2024-07-04 00:00:00,1,200,U1013_VALS,11,10503.127,52.515635,1,52.515635,200
1013-DYNAPRIME 2821,2024-07-05 00:00:00,6,980,U1013_VALS,11,10612.8929,10.82948255,1,10.82948255,980
1013-DYNAPRIME 2821,2024-07-14 00:00:00,1,90,U1013_VALS,5,5425.944,60.28826667,1,60.28826667,90
1013-DYNAPRIME 2821,2024-07-15 00:00:00,3,310,U1013_VALS,5,7528.86101,24.28664842,1,24.28664842,310
1013-DYNAPRIME 2821,2024-07-19 00:00:00,1,125,U1013_VALS,4,3678.32,29.42656,1,29.42656,125
1013-DYNAPRIME 2821,2024-07-20 00:00:00,2,175,U1013_VALS,,,,1,8.407588571,175
1013-DYNAPRIME 2821,2024-07-29 00:00:00,1,55,U1013_VALS,,,,1,0,55
1013-DYNAPRIME 2821,2024-07-30 00:00:00,3,225,U1013_VALS,,,,1,0,225
1013-DYNAPRIME 2821,2024-07-31 00:00:00,1,65,U1013_VALS,,,,1,0,65
1013-DYNAPRIME 2821,2024-09-14 00:00:00,6,716,U1013_VALS,,,,1,0,716
1013-DYNAPRIME 2821,2024-09-15 00:00:00,1,55,U1013_VALS,,,,1,0,55
1013-DYNAPRIME 2821,2024-09-16 00:00:00,2,85,U1013_VALS,,,,1,0,85
1013-DYNAPRIME 2821,2024-09-17 00:00:00,5,775,U1013_VALS,,,,1,0,775
1013-DYNAPRIME 2821,2024-09-20 00:00:00,1,30,U1013_VALS,3,4343.706,144.7902,1,144.7902,30
1013-DYNAPRIME 2821,2024-09-21 00:00:00,2,240,U1013_VALS,1,1477.458,6.156075,1,6.156075,240
1013-DYNAPRIME 2821,2024-09-27 00:00:00,4,370,U1013_VALS,7,6134.342,16.5793027,1,16.5793027,370
1013-DYNAPRIME 2821,2024-09-28 00:00:00,,,,1,854.1,,1,1.951959633,419.375
1013-DYNAPRIME 2821,2024-09-29 00:00:00,3,360,U1013_VALS,5,4500.261,12.500725,1,12.500725,360
1013-DYNAPRIME 2821,2024-10-05 00:00:00,1,140,U1013_VALS,12,12474.56857,89.10406121,1,89.10406121,140
1013-DYNAPRIME 2821,2024-10-06 00:00:00,3,345,U1013_VALS,6,8666.3715,25.11991739,1,25.11991739,345
1013-DYNAPRIME 2821,2024-10-09 00:00:00,3,200,U1013_VALS,4,5548.12309,27.74061545,1,27.74061545,200
1013-DYNAPRIME 2821,2024-10-10 00:00:00,1,145,U1013_VALS,11,9881.00819,68.14488407,1,68.14488407,145
1013-DYNAPRIME 2821,2024-10-11 00:00:00,3,420,U1013_VALS,4,3737.43567,8.898656357,1,8.898656357,420
1013-DYNAPRIME 2821,2024-10-13 00:00:00,3,265,U1013_VALS,,,,1,5.204874473,265
1013-DYNAPRIME 2821,2024-10-16 00:00:00,1,80,U1013_VALS,,,,1,0,80
1013-DYNAPRIME 2821,2024-10-20 00:00:00,3,470,U1013_VALS,6,7191.79542,15.30169238,1,15.30169238,470
1013-DYNAPRIME 2821,2024-10-21 00:00:00,8,925,U1013_VALS,11,9795.45679,10.58968302,1,10.58968302,925
1013-DYNAPRIME 2821,2024-10-23 00:00:00,5,800,U1013_VALS,,,,1,1.654637971,800
1013-DYNAPRIME 2821,2024-10-24 00:00:00,1,110,U1013_VALS,,,,1,0,110
1013-DYNAPRIME 2821,2024-10-26 00:00:00,6,760,U1013_VALS,17,19777.35268,26.02283247,1,26.02283247,760
1013-DYNAPRIME 2821,2024-10-27 00:00:00,2,180,U1013_VALS,2,3163.755,17.57641667,1,17.57641667,180
1013-DYNAPRIME 2821,2024-10-28 00:00:00,4,670,U1013_VALS,,,,1,12.85439428,670
1013-DYNAPRIME 2821,2024-10-31 00:00:00,7,840,U1013_VALS,1,1041.04,1.239333333,1,1.239333333,840
1013-DYNAPRIME 2821,2024-11-11 00:00:00,2,170,U1013_VALS,,,,1,4.884431373,170
1013-DYNAPRIME 2821,2024-11-13 00:00:00,1,160,U1013_VALS,1,1172.08,7.3255,1,7.3255,160
1013-DYNAPRIME 2821,2024-11-21 00:00:00,1,100,U1013_VALS,9,8349.646,83.49646,1,83.49646,100
1013-DYNAPRIME 2821,2024-11-22 00:00:00,4,420,U1013_VALS,5,5158.248,12.28154286,1,12.28154286,420
1013-DYNAPRIME 2821,2024-11-23 00:00:00,2,180,U1013_VALS,,,,1,16.37539048,180
1013-DYNAPRIME 2821,2024-11-30 00:00:00,1,130,U1013_VALS,5,4516.1,19.10657692,1,19.10657692,130
1013-DYNAPRIME 2821,2024-12-01 00:00:00,1,70,U1013_VALS,,,15.63265385,1,15.63265385,70
1013-DYNAPRIME 2821,2024-12-05 00:00:00,1,50,U1013_VALS,3,2578.558,51.57116,1,51.57116,50
1013-DYNAPRIME 2821,2024-12-06 00:00:00,2,100,U1013_VALS,,,,1,25.78558,100
1013-DYNAPRIME 2821,2024-12-28 00:00:00,2,150,U1013_VALS,18,20229.54324,134.8636216,1,134.8636216,150
1013-DYNAPRIME 2821,2024-12-29 00:00:00,2,245,U1013_VALS,2,3082.56,12.58187755,1,12.58187755,245
1013-DYNAPRIME 2821,2024-12-31 00:00:00,1,200,U1013_VALS,6,5529.061,27.645305,1,27.645305,200
