Clave pintura,Year-Week,Frequency_usage,Liters_Used,Material_Names,Frequency_area,Painted_Area_m2,Yield_m2_per_L,Seleccion
0341-BRONZE STD TEXT,2020-09,5,407.75,U0341_AKZO,3,2923.424,7.169648069,1
0341-BRONZE STD TEXT,2020-18,2,130,U0341_AKZO,1,1310.0404,10.07723385,1
0341-BRONZE STD TEXT,2020-34,3,403.5,U0341_AKZO,6,8649.999217,21.43742061,1
0341-BRONZE STD TEXT,2020-35,3,343.5,U0341_AKZO,4,5317.449,15.48020087,1
0341-BRONZE STD TEXT,2020-37,2,209.25,U0341_AKZO,,,,1
0341-BRONZE STD TEXT,2020-38,2,209.25,U0341_AKZO,1,1053.985,5.036965352,1
0341-BRONZE STD TEXT,2020-40,7,697.75,U0341_AKZO,6,7010.58622,10.04741845,1
0341-BRONZE STD TEXT,2020-43,9,1164.75,U0341_AKZO,8,12154.21675,10.43504335,1
0341-BRONZE STD TEXT,2020-48,4,623.965,U0341_AKZO,6,8056.85783,12.91235539,1
0341-BRONZE STD TEXT,2020-49,6,767,U0341_AKZO,6,7603.31906,9.91306266,1
0341-BRONZE STD TEXT,2020-50,7,567.75,U0341_AKZO,6,7983.395825,14.06146336,1
0341-BRONZE STD TEXT,2020-53,4,657,U0341_AKZO,2,2358.62533,3.589992892,1
0341-BRONZE STD TEXT,2021-01,6,587.75,U0341_AKZO,3,2536.143,4.315002977,1
0341-BRONZE STD TEXT,2021-03,16,1743.25,U0341_AKZO,24,35655.63025,20.45353808,1
0341-BRONZE STD TEXT,2021-14,5,607,U0341_AKZO,2,2893.261,4.766492586,1
0411-AMERICAN STERLING HVAC,2020-03,2,60,I3465_VALS,4,1369.801,22.83001667,1
0411-AMERICAN STERLING HVAC,2020-05,17,1310,I3465_VALS,20,16285.4241,12.43162145,1
0411-AMERICAN STERLING HVAC,2020-06,5,640,I3465_VALS,3,4754.905,7.429539063,1
0411-AMERICAN STERLING HVAC,2020-07,13,1340,I3465_VALS,7,9631.00209,7.187314993,1
0411-AMERICAN STERLING HVAC,2020-11,11,735,I3465_VALS,19,13638.227,18.55541088,1
0411-AMERICAN STERLING HVAC,2020-12,5,1000,I3465_VALS,7,9118.997,9.118997,1
0411-AMERICAN STERLING HVAC,2020-13,11,795,I3465_VALS,11,4553.68396,5.727904352,1
0411-AMERICAN STERLING HVAC,2020-15,8,1050,I3465_VALS,19,13599.69044,12.95208613,1
0411-AMERICAN STERLING HVAC,2020-17,5,600,I3465_VALS,5,5405.996,9.009993333,1
0411-AMERICAN STERLING HVAC,2020-18,4,470,I3465_VALS,7,2697.40644,5.739162638,1
0411-AMERICAN STERLING HVAC,2020-19,14,1500,I3465_VALS,26,14056.504,9.371002667,1
0411-AMERICAN STERLING HVAC,2020-20,7,740,I3465_VALS,15,9118.83808,12.32275416,1
0411-AMERICAN STERLING HVAC,2020-21,3,260,I3465_VALS,3,4337.404,16.68232308,1
0411-AMERICAN STERLING HVAC,2020-22,10,1250,I3465_VALS,9,8937.06447,7.149651576,1
0411-AMERICAN STERLING HVAC,2020-23,5,300,I3465_VALS,5,2317.14,7.7238,1
0411-AMERICAN STERLING HVAC,2020-24,2,260,I3465_VALS,,,,1
0411-AMERICAN STERLING HVAC,2020-25,7,1039,I3465_VALS,6,6624.30008,6.37564974,1
0411-AMERICAN STERLING HVAC,2020-26,4,420,I3465_VALS,1,931.296,2.217371429,1
0411-AMERICAN STERLING HVAC,2020-27,2,110,I3465_VALS,3,1622.972,14.75429091,1
0411-AMERICAN STERLING HVAC,2020-28,12,1280,I3465_VALS,22,16649.42632,13.00736431,1
0411-AMERICAN STERLING HVAC,2020-29,7,400,I3465_VALS,8,6790.993366,16.97748342,1
0411-AMERICAN STERLING HVAC,2020-30,4,330,I3465_VALS,1,689.512,2.089430303,1
0411-AMERICAN STERLING HVAC,2020-31,3,220,I3465_VALS,3,2482.381,11.28355,1
0411-AMERICAN STERLING HVAC,2020-32,2,120,I3465_VALS,6,2909.57671,24.24647258,1
0411-AMERICAN STERLING HVAC,2020-34,8,390,I3465_VALS,10,3552.208,9.108225641,1
0411-AMERICAN STERLING HVAC,2020-35,2,260,I3465_VALS,4,3508.96845,13.4960325,1
0411-AMERICAN STERLING HVAC,2020-36,5,390,I3465_VALS,16,8260.47928,21.1807161,1
0411-AMERICAN STERLING HVAC,2020-38,2,250,I3465_VALS,4,4158.54224,16.63416896,1
0411-AMERICAN STERLING HVAC,2020-41,5,380,I3465_VALS,8,3590.708,9.449231579,1
0486-DORIAN GRAY LOW GLOSS,2020-02,24,3455.75,U0486_AKZO,25,24924.05836,7.212344168,1
0486-DORIAN GRAY LOW GLOSS,2020-03,23,3546.5,U0486_AKZO,34,34862.57753,9.830136057,1
0486-DORIAN GRAY LOW GLOSS,2020-04,26,3714.39,U0486_AKZO,31,31415.6505,8.457822281,1
0486-DORIAN GRAY LOW GLOSS,2020-05,13,1553.25,U0486_AKZO,12,13404.67745,8.630083665,1
0486-DORIAN GRAY LOW GLOSS,2020-06,26,3917.8,U0486_AKZO,30,34119.47793,8.708836063,1
0486-DORIAN GRAY LOW GLOSS,2020-07,7,1196.25,U0486_AKZO,14,16006.07867,13.38021205,1
0486-DORIAN GRAY LOW GLOSS,2020-08,41,6418,U0486_AKZO,56,66271.83739,10.32593291,1
0486-DORIAN GRAY LOW GLOSS,2020-09,47,6443.75,U0486_AKZO,60,61673.19604,9.571010054,1
0486-DORIAN GRAY LOW GLOSS,2020-10,9,1101.25,U0486_AKZO,17,16764.90087,15.22351952,1
0486-DORIAN GRAY LOW GLOSS,2020-11,44,6574.5,U0486_AKZO,51,65919.67236,10.02656816,1
0486-DORIAN GRAY LOW GLOSS,2020-12,42,6951.65,U0486_AKZO,64,63540.61531,9.140364562,1
0486-DORIAN GRAY LOW GLOSS,2020-14,12,1853.25,U0486_AKZO,9,10516.25221,5.67449195,1
0486-DORIAN GRAY LOW GLOSS,2020-15,27,4322,U0486_AKZO,43,48360.26778,11.18932619,1
0486-DORIAN GRAY LOW GLOSS,2020-16,15,2162.5,U0486_AKZO,20,23388.96934,10.81570836,1
0486-DORIAN GRAY LOW GLOSS,2020-19,9,1593.25,U0486_AKZO,14,17387.64523,10.91331883,1
0486-DORIAN GRAY LOW GLOSS,2020-20,13,1619.98,U0486_AKZO,19,18733.95091,11.56431,1
0486-DORIAN GRAY LOW GLOSS,2020-21,1,110,U0486_AKZO,,,,1
0486-DORIAN GRAY LOW GLOSS,2020-24,5,816.25,U0486_AKZO,4,6160.247524,7.54701075,1
0486-DORIAN GRAY LOW GLOSS,2020-26,5,887,U0486_AKZO,3,3444.734652,3.88357909,1
0486-DORIAN GRAY LOW GLOSS,2020-27,22,3785,U0486_AKZO,40,43450.52381,11.47966283,1
0486-DORIAN GRAY LOW GLOSS,2020-28,15,2350.284,U0486_AKZO,27,25928.074,11.03188976,1
0486-DORIAN GRAY LOW GLOSS,2020-29,54,7739.25,U0486_AKZO,76,82331.51655,10.63817767,1
0486-DORIAN GRAY LOW GLOSS,2020-30,33,3915,U0486_AKZO,34,34649.58307,8.850468218,1
0486-DORIAN GRAY LOW GLOSS,2020-31,12,1563.25,U0486_AKZO,21,19279.42317,12.33291103,1
0486-DORIAN GRAY LOW GLOSS,2020-32,25,3168,U0486_AKZO,37,33635.92804,10.61740153,1
0486-DORIAN GRAY LOW GLOSS,2020-33,25,3894.25,U0486_AKZO,37,35126.50975,9.02009623,1
0486-DORIAN GRAY LOW GLOSS,2020-34,46,6920.33,U0486_AKZO,81,77355.09732,11.17794922,1
0486-DORIAN GRAY LOW GLOSS,2020-35,18,2948,U0486_AKZO,28,36945.36858,12.53235027,1
0486-DORIAN GRAY LOW GLOSS,2020-36,24,3615.75,U0486_AKZO,24,29003.44154,8.021417835,1
0486-DORIAN GRAY LOW GLOSS,2020-37,17,2141.75,U0486_AKZO,16,18237.93338,8.515435217,1
0486-DORIAN GRAY LOW GLOSS,2020-38,20,3293,"U0486_AKZO,U0486_BECK",35,40486.08983,12.29459151,1
0486-DORIAN GRAY LOW GLOSS,2020-39,15,2236,U0486_AKZO,17,17921.92903,8.015173985,1
0486-DORIAN GRAY LOW GLOSS,2020-41,37,6006,U0486_AKZO,58,64504.78352,10.7400572,1
0486-DORIAN GRAY LOW GLOSS,2020-42,39,5737.5,U0486_AKZO,48,56941.39239,9.92442569,1
0486-DORIAN GRAY LOW GLOSS,2020-43,12,1921.15,U0486_AKZO,12,20384.46049,10.61055123,1
0486-DORIAN GRAY LOW GLOSS,2020-44,21,2748.75,U0486_AKZO,16,22353.4279,8.132215698,1
0486-DORIAN GRAY LOW GLOSS,2020-45,23,3510.38,U0486_AKZO,33,39163.49819,11.15648397,1
0486-DORIAN GRAY LOW GLOSS,2020-46,52,8463.51,U0486_AKZO,45,53262.70462,6.293216953,1
0486-DORIAN GRAY LOW GLOSS,2020-47,26,4093.5,U0486_AKZO,28,33206.85137,8.112092676,1
0486-DORIAN GRAY LOW GLOSS,2020-48,9,1434,U0486_AKZO,14,16984.35135,11.8440386,1
0486-DORIAN GRAY LOW GLOSS,2020-49,7,1021.16,U0486_AKZO,12,16068.7253,15.73575669,1
0486-DORIAN GRAY LOW GLOSS,2020-50,18,2781.37,U0486_AKZO,19,23536.1363,8.462065925,1
0486-DORIAN GRAY LOW GLOSS,2020-51,3,507.75,U0486_AKZO,5,6292.929339,12.39375547,1
0486-DORIAN GRAY LOW GLOSS,2021-02,5,627,U0486_AKZO,3,2963.46982,4.726427145,1
0486-DORIAN GRAY LOW GLOSS,2021-03,8,1028.44,U0486_AKZO,6,7285.956522,7.08447408,1
0486-DORIAN GRAY LOW GLOSS,2021-04,9,1454.75,U0486_AKZO,18,21942.54993,15.08338198,1
0486-DORIAN GRAY LOW GLOSS,2021-06,7,1026.25,U0486_AKZO,4,4714.178,4.593596102,1
0486-DORIAN GRAY LOW GLOSS,2021-07,10,1623.25,U0486_AKZO,9,12325.90108,7.593347345,1
0486-DORIAN GRAY LOW GLOSS,2021-08,23,3745,U0486_AKZO,33,45768.72312,12.22128788,1
0486-DORIAN GRAY LOW GLOSS,2021-09,9,1384.75,U0486_AKZO,16,18261.77199,13.1877754,1
0486-DORIAN GRAY LOW GLOSS,2021-10,25,3655,U0486_AKZO,27,36536.71974,9.996366549,1
0486-DORIAN GRAY LOW GLOSS,2021-11,18,3267.25,U0486_AKZO,28,34700.57703,10.62072906,1
0486-DORIAN GRAY LOW GLOSS,2021-12,9,1433.25,U0486_AKZO,4,6149.518203,4.290610991,1
0486-DORIAN GRAY LOW GLOSS,2021-14,30,4816.11,U0486_AKZO,38,50540.2607,10.49400049,1
0486-DORIAN GRAY LOW GLOSS,2021-15,2,209.25,U0486_AKZO,,,,1
0486-DORIAN GRAY LOW GLOSS,2021-16,28,4751.25,U0486_AKZO,46,69827.39267,14.69663618,1
0486-DORIAN GRAY LOW GLOSS,2021-17,13,2157.5,"U0486_AKZO,U0486_BECK",27,33015.44345,15.30263891,1
0486-DORIAN GRAY LOW GLOSS,2021-18,27,4721.25,U0486_AKZO,28,33856.13019,7.171009836,1
0486-DORIAN GRAY LOW GLOSS,2021-19,23,3802.29,U0486_AKZO,31,38503.26788,10.12633647,1
0486-DORIAN GRAY LOW GLOSS,2021-20,6,926.25,U0486_AKZO,5,5530.817,5.971192443,1
0486-DORIAN GRAY LOW GLOSS,2021-21,5,946.25,U0486_AKZO,7,10696.86721,11.30448318,1
0486-DORIAN GRAY LOW GLOSS,2021-22,25,3915,U0486_AKZO,25,31247.9645,7.981600128,1
0486-DORIAN GRAY LOW GLOSS,2021-23,12,2001.75,U0486_AKZO,18,21347.8158,10.6645764,1
0486-DORIAN GRAY LOW GLOSS,2021-24,17,2878.8,U0486_AKZO,14,15334.40661,5.326666184,1
0486-DORIAN GRAY LOW GLOSS,2021-25,26,4532.75,U0486_AKZO,42,49160.93708,10.84571995,1
0486-DORIAN GRAY LOW GLOSS,2021-26,19,3157.25,U0486_AKZO,17,28004.21219,8.869811446,1
0486-DORIAN GRAY LOW GLOSS,2021-27,15,2649.5,U0486_AKZO,17,26631.64419,10.05157358,1
0486-DORIAN GRAY LOW GLOSS,2021-28,18,3028,U0486_AKZO,15,20773.54669,6.860484375,1
0486-DORIAN GRAY LOW GLOSS,2021-29,13,2271,U0486_AKZO,12,18332.43045,8.072404427,1
0486-DORIAN GRAY LOW GLOSS,2021-30,24,3954.25,U0486_AKZO,20,33664.14844,8.513409229,1
0486-DORIAN GRAY LOW GLOSS,2021-31,15,2298.01,U0486_AKZO,10,15762.25956,6.859090934,1
0486-DORIAN GRAY LOW GLOSS,2021-32,31,5248.25,U0486_AKZO,36,51462.28169,9.805607905,1
0486-DORIAN GRAY LOW GLOSS,2021-33,26,4273.5,U0486_AKZO,27,42154.99609,9.864278949,1
0486-DORIAN GRAY LOW GLOSS,2021-34,12,1504.045,U0486_AKZO,1,1298.265931,0.863182904,1
0486-DORIAN GRAY LOW GLOSS,2021-35,35,5269,U0486_AKZO,39,53975.8575,10.24404204,1
0486-DORIAN GRAY LOW GLOSS,2021-36,1,129,U0486_AKZO,,,,1
0486-DORIAN GRAY LOW GLOSS,2021-37,9,1155.5,U0486_AKZO,11,12615.94911,10.91817318,1
0486-DORIAN GRAY LOW GLOSS,2021-38,13,2013.25,U0486_AKZO,23,29384.07278,14.59534225,1
0486-DORIAN GRAY LOW GLOSS,2021-39,13,2161,U0486_AKZO,18,33347.69043,15.43160131,1
0486-DORIAN GRAY LOW GLOSS,2021-40,40,6216,U0486_AKZO,32,48337.68278,7.776332493,1
0486-DORIAN GRAY LOW GLOSS,2021-41,33,5338.25,U0486_AKZO,43,64008.47354,11.99053501,1
0486-DORIAN GRAY LOW GLOSS,2021-42,35,5854.88,U0486_AKZO,27,44183.31091,7.546407596,1
0486-DORIAN GRAY LOW GLOSS,2021-43,34,4881.25,U0486_AKZO,40,52897.71884,10.83692063,1
0486-DORIAN GRAY LOW GLOSS,2021-44,38,5887.25,U0486_AKZO,37,55108.91597,9.360722914,1
0486-DORIAN GRAY LOW GLOSS,2021-45,15,2663.71,U0486_AKZO,8,14485.16803,5.437967356,1
0486-DORIAN GRAY LOW GLOSS,2021-46,13,1976.75,U0486_AKZO,20,28764.33714,14.55132776,1
0486-DORIAN GRAY LOW GLOSS,2021-47,18,2878,U0486_AKZO,23,32381.39893,11.25135473,1
0486-DORIAN GRAY LOW GLOSS,2021-48,11,1892.5,U0486_AKZO,6,11143.36531,5.888171896,1
0486-DORIAN GRAY LOW GLOSS,2021-49,16,2499.5,"U0486_AKZO,U0486_VALS",18,32997.42044,13.2016085,1
0486-DORIAN GRAY LOW GLOSS,2021-50,7,1285.5,U0486_AKZO,15,20145.13673,15.67105152,1
0486-DORIAN GRAY LOW GLOSS,2021-51,19,2799.5,U0486_AKZO,5,6677.341294,2.385190675,1
0486-DORIAN GRAY LOW GLOSS,2021-52,5,741.25,U0486_AKZO,9,10336.80997,13.9451062,1
0486-DORIAN GRAY LOW GLOSS,2022-01,28,4082.15,U0486_AKZO,28,37710.62903,9.237933205,1
0486-DORIAN GRAY LOW GLOSS,2022-02,37,5186.76,U0486_AKZO,39,51225.9173,9.876284482,1
0486-DORIAN GRAY LOW GLOSS,2022-03,7,1146.575,U0486_AKZO,4,6372.594815,5.55793979,1
0486-DORIAN GRAY LOW GLOSS,2022-04,19,2899.5,"U0486_AKZO,U0486_BECK",16,27070.32014,9.336202841,1
0486-DORIAN GRAY LOW GLOSS,2022-05,6,895.5,U0486_AKZO,9,12035.26006,13.43970972,1
0486-DORIAN GRAY LOW GLOSS,2022-06,7,907,U0486_AKZO,3,4561.032931,5.028702239,1
0486-DORIAN GRAY LOW GLOSS,2022-07,5,627,U0486_AKZO,6,10792.59759,17.21307431,1
0486-DORIAN GRAY LOW GLOSS,2022-08,20,2968,U0486_AKZO,21,29144.97425,9.819735258,1
0486-DORIAN GRAY LOW GLOSS,2022-09,20,3308,U0486_AKZO,28,35249.84295,10.65593801,1
0486-DORIAN GRAY LOW GLOSS,2022-10,7,1224.75,U0486_AKZO,12,18029.24269,14.72075337,1
0486-DORIAN GRAY LOW GLOSS,2022-11,12,1752.5,U0486_AKZO,15,21471.25035,12.25178337,1
0486-DORIAN GRAY LOW GLOSS,2022-12,28,4162.75,U0486_AKZO,24,28629.9582,6.877654964,1
0486-DORIAN GRAY LOW GLOSS,2022-13,4,447.75,U0486_AKZO,6,7434.941287,16.60511733,1
0486-DORIAN GRAY LOW GLOSS,2022-14,14,1993.25,U0486_AKZO,17,26196.55592,13.14263435,1
0486-DORIAN GRAY LOW GLOSS,2022-15,16,2602.5,"U0486_AKZO,U0486_BECK",18,26907.36423,10.33904485,1
0486-DORIAN GRAY LOW GLOSS,2022-18,5,776.25,U0486_AKZO,8,11659.90749,15.02081481,1
0486-DORIAN GRAY LOW GLOSS,2022-19,13,1937.5,U0486_AKZO,11,18825.94434,9.716616434,1
0486-DORIAN GRAY LOW GLOSS,2022-20,38,5979.55,U0486_AKZO,30,52418.72923,8.766333458,1
0486-DORIAN GRAY LOW GLOSS,2022-21,6,1000,U0486_BECK,4,7110.071045,7.110071045,1
0486-DORIAN GRAY LOW GLOSS,2022-25,6,985.5,U0486_AKZO,7,10498.14355,10.65260635,1
0486-DORIAN GRAY LOW GLOSS,2022-34,17,2771.51,U0486_AKZO,20,28663.77042,10.3422937,1
0486-DORIAN GRAY LOW GLOSS,2022-35,29,5160.545,U0486_AKZO,38,56960.33822,11.03765944,1
0486-DORIAN GRAY LOW GLOSS,2022-36,5,538.5,U0486_AKZO,5,7230.772225,13.42761787,1
0486-DORIAN GRAY LOW GLOSS,2022-37,40,6026,U0486_AKZO,53,78824.22644,13.08068809,1
0486-DORIAN GRAY LOW GLOSS,2022-38,15,2328.335,U0486_AKZO,17,25122.31655,10.78982043,1
0486-DORIAN GRAY LOW GLOSS,2022-39,25,4313.5,U0486_AKZO,28,40895.70459,9.480863472,1
0486-DORIAN GRAY LOW GLOSS,2022-40,18,2937.25,U0486_AKZO,28,33327.41037,11.34646706,1
0486-DORIAN GRAY LOW GLOSS,2022-41,6,847.75,U0486_AKZO,8,8949.84139,10.55717062,1
0486-DORIAN GRAY LOW GLOSS,2022-42,16,2578.75,U0486_AKZO,16,17393.97291,6.745117949,1
0486-DORIAN GRAY LOW GLOSS,2022-43,44,7053.98,U0486_AKZO,69,93552.85426,13.26242125,1
0486-DORIAN GRAY LOW GLOSS,2022-44,38,6140.25,U0486_AKZO,54,72988.96316,11.88696929,1
0486-DORIAN GRAY LOW GLOSS,2022-45,34,5438.16,U0486_AKZO,30,45388.04881,8.34621431,1
0486-DORIAN GRAY LOW GLOSS,2022-46,32,5211.94,U0486_AKZO,33,41929.3277,8.044860014,1
0486-DORIAN GRAY LOW GLOSS,2022-47,24,3760.75,U0486_AKZO,21,26330.0325,7.001271688,1
0486-DORIAN GRAY LOW GLOSS,2022-48,38,6331.98,U0486_AKZO,38,55384.65819,8.746815086,1
0486-DORIAN GRAY LOW GLOSS,2022-49,17,2566.51,U0486_AKZO,18,26501.79291,10.32600415,1
0486-DORIAN GRAY LOW GLOSS,2022-50,21,3535,U0486_AKZO,35,42572.31761,12.04308843,1
0486-DORIAN GRAY LOW GLOSS,2022-51,12,1783.25,U0486_AKZO,23,29654.14582,16.62927005,1
0486-DORIAN GRAY LOW GLOSS,2022-52,10,1424.75,U0486_AKZO,17,25199.00451,17.68661485,1
0486-DORIAN GRAY LOW GLOSS,2023-01,18,2968,U0486_AKZO,23,33457.92613,11.27288616,1
0486-DORIAN GRAY LOW GLOSS,2023-02,8,1254.75,U0486_AKZO,10,12476.01905,9.943031718,1
0486-DORIAN GRAY LOW GLOSS,2023-04,6,982,U0486_AKZO,4,5394.868381,5.493755989,1
0486-DORIAN GRAY LOW GLOSS,2023-06,7,985.5,U0486_AKZO,6,7482.842328,7.592939958,1
0486-DORIAN GRAY LOW GLOSS,2023-07,1,149,U0486_AKZO,9,9349.116,62.74574497,1
0486-DORIAN GRAY LOW GLOSS,2023-08,8,1141.5,U0486_AKZO,5,6519.347938,5.711211509,1
0486-DORIAN GRAY LOW GLOSS,2023-09,10,1304.75,U0486_AKZO,9,11030.50844,8.454116454,1
0486-DORIAN GRAY LOW GLOSS,2023-11,2,268.5,U0486_AKZO,2,2518.061,9.378253259,1
0486-DORIAN GRAY LOW GLOSS,2023-12,2,129,U0486_AKZO,1,1473.05047,11.41899589,1
0486-DORIAN GRAY LOW GLOSS,2023-17,3,497.75,U0486_AKZO,,,,1
0486-DORIAN GRAY LOW GLOSS,2023-18,5,561.255,U0486_AKZO,1,1501.974878,2.676100664,1
0486-DORIAN GRAY LOW GLOSS,2023-40,9,1543.25,U0486_AKZO,6,8450.239548,5.475612861,1
0486-DORIAN GRAY LOW GLOSS,2023-41,16,2945.337,U0486_AKZO,25,39620.3519,13.45189087,1
0486-DORIAN GRAY LOW GLOSS,2023-42,20,3400.75,U0486_AKZO,24,32090.1475,9.436197162,1
0486-DORIAN GRAY LOW GLOSS,2023-44,7,1081.25,U0486_AKZO,10,12366.20356,11.43695127,1
0486-DORIAN GRAY LOW GLOSS,2023-45,23,3717.25,U0486_AKZO,22,31226.70968,8.400486834,1
0486-DORIAN GRAY LOW GLOSS,2023-46,15,2341.75,U0486_AKZO,18,23755.89481,10.1445051,1
0486-DORIAN GRAY LOW GLOSS,2023-47,18,2459.5,U0486_AKZO,20,26938.9902,10.95303525,1
0486-DORIAN GRAY LOW GLOSS,2023-48,9,1286.25,U0486_AKZO,12,14944.19298,11.6184202,1
0486-DORIAN GRAY LOW GLOSS,2023-49,9,1364,U0486_AKZO,20,21775.326,15.96431525,1
0486-DORIAN GRAY LOW GLOSS,2023-51,19,3177.243,U0486_AKZO,66,75635.30744,23.80532664,1
0486-DORIAN GRAY LOW GLOSS,2023-52,13,2031.75,U0486_AKZO,46,51910.15559,25.54947981,1
0486-DORIAN GRAY LOW GLOSS,2024-01,18,2695.412,U0486_AKZO,21,23400.80081,8.681715748,1
0486-DORIAN GRAY LOW GLOSS,2024-02,13,2330.25,U0486_AKZO,8,10603.91692,4.550549049,1
0486-DORIAN GRAY LOW GLOSS,2024-03,10,1514,U0486_AKZO,18,19172.1862,12.66326697,1
0486-DORIAN GRAY LOW GLOSS,2024-04,4,617.75,U0486_AKZO,3,3389.25205,5.486446054,1
0486-DORIAN GRAY LOW GLOSS,2024-06,5,708.288,U0486_AKZO,8,9568.62526,13.50951203,1
0486-DORIAN GRAY LOW GLOSS,2024-07,6,966.25,U0486_AKZO,10,13097.11036,13.55457735,1
0486-DORIAN GRAY LOW GLOSS,2024-10,9,1324.75,U0486_AKZO,18,23338.47046,17.61726398,1
0486-DORIAN GRAY LOW GLOSS,2024-12,6,1006.25,U0486_AKZO,7,8589.116,8.535767453,1
0486-DORIAN GRAY LOW GLOSS,2024-13,1,189.25,U0486_AKZO,,,,1
0486-DORIAN GRAY LOW GLOSS,2024-30,2,99.25,U0486_AKZO,2,2064.258,20.79856927,1
0486-DORIAN GRAY LOW GLOSS,2024-31,11,1752.5,U0486_AKZO,26,27362.01603,15.61313326,1
0486-DORIAN GRAY LOW GLOSS,2024-32,11,1892.5,U0486_AKZO,14,15822.18145,8.36046576,1
0486-DORIAN GRAY LOW GLOSS,2024-33,12,1921.75,U0486_AKZO,27,28081.0603,14.6122338,1
0486-DORIAN GRAY LOW GLOSS,2024-34,5,697.75,U0486_AKZO,3,2923.91601,4.190492311,1
0486-DORIAN GRAY LOW GLOSS,2024-35,14,1998.55,U0486_AKZO,29,31032.28694,15.52740084,1
0486-DORIAN GRAY LOW GLOSS,2024-36,2,249.25,U0486_AKZO,3,3603.877,14.45888465,1
0486-DORIAN GRAY LOW GLOSS,2024-37,9,1075.5,U0486_AKZO,10,11050.98615,10.27520795,1
0486-DORIAN GRAY LOW GLOSS,2024-40,9,1414,U0486_AKZO,7,9141.115609,6.464721082,1
0486-DORIAN GRAY LOW GLOSS,2024-41,14,1943.22,U0486_AKZO,10,14313.71428,7.365977234,1
0486-DORIAN GRAY LOW GLOSS,2024-46,6,1056.25,U0486_AKZO,10,12052.77419,11.41091047,1
0486-DORIAN GRAY LOW GLOSS,2024-47,5,687,U0486_AKZO,3,3668.031673,5.339201853,1
0486-DORIAN GRAY LOW GLOSS,2024-49,4,637.75,U0486_AKZO,6,6968.794302,10.92715688,1
0486-DORIAN GRAY LOW GLOSS,2024-50,11,1703.25,U0486_AKZO,31,34674.69639,20.3579606,1
0486-DORIAN GRAY LOW GLOSS,2024-51,18,3277.25,U0486_AKZO,27,33067.81561,10.0901108,1
0486-DORIAN GRAY LOW GLOSS,2024-52,8,1424,U0486_AKZO,23,26910.57646,18.89787673,1
0541-NEGRO BOILER,2021-12,1,119.25,U0541_AKZO,1,950.313,7.969081761,1
0541-NEGRO BOILER,2021-30,2,119.25,U0541_AKZO,1,1455.066,12.20181132,1
0541-NEGRO BOILER,2021-46,2,219.25,U0541_AKZO,4,4931.49,22.49254276,1
0541-NEGRO BOILER,2022-35,1,181.68,U0541_AKZO,4,3672.10878,20.21195938,1
0541-NEGRO BOILER,2023-02,1,61,U0541_AKZO,,,,1
0541-NEGRO BOILER,2023-24,2,166.25,U0541_AKZO,3,1850.547,11.13110977,1
0541-NEGRO BOILER,2023-40,1,100,U0541_AKZO,,,,1
0541-NEGRO BOILER,2023-52,4,208.091,U0541_AKZO,7,5945.393,28.57112033,1
1013-DYNAPRIME 2821,2020-23,1,29.25,U1013_VALS,3,2060.755,70.45316239,1
1013-DYNAPRIME 2821,2022-17,4,312.5,U1013_VALS,,,,1
1013-DYNAPRIME 2821,2022-18,7,1176,U1013_VALS,17,22149.76283,18.83483234,1
1013-DYNAPRIME 2821,2022-19,8,1340,U1013_VALS,14,19908.11438,14.85680178,1
1013-DYNAPRIME 2821,2022-20,15,1934.25,U1013_VALS,39,46101.99779,23.83456006,1
1013-DYNAPRIME 2821,2022-21,7,1000,U1013_VALS,23,21173.40146,21.17340146,1
1013-DYNAPRIME 2821,2022-22,12,1720,U1013_VALS,57,75424.21665,43.85128875,1
1013-DYNAPRIME 2821,2022-24,22,3090,U1013_VALS,56,54857.22422,17.753147,1
1013-DYNAPRIME 2821,2022-25,7,890,U1013_VALS,22,20142.6848,22.63223011,1
1013-DYNAPRIME 2821,2022-26,13,1584.5,U1013_VALS,44,47169.64076,29.7694167,1
1013-DYNAPRIME 2821,2022-27,11,1498,U1013_VALS,30,31244.422,20.85742457,1
1013-DYNAPRIME 2821,2022-28,22,2668.75,U1013_VALS,47,48066.81215,18.01098348,1
1013-DYNAPRIME 2821,2022-29,28,3877.5,U1013_VALS,44,49523.49013,12.77201551,1
1013-DYNAPRIME 2821,2022-30,18,2278.25,U1013_VALS,32,37742.96252,16.56664656,1
1013-DYNAPRIME 2821,2022-31,14,1790,U1013_VALS,,,,1
1013-DYNAPRIME 2821,2022-32,19,2695,U1013_VALS,16,19574.446,7.263245269,1
1013-DYNAPRIME 2821,2022-33,16,2345,U1013_VALS,,,,1
1013-DYNAPRIME 2821,2022-34,12,1775,U1013_VALS,15,17052.11774,9.606826896,1
1013-DYNAPRIME 2821,2022-35,2,400,U1013_VALS,10,9552.18646,23.88046615,1
1013-DYNAPRIME 2821,2022-36,13,1240,U1013_VALS,12,14054.3727,11.33417153,1
1013-DYNAPRIME 2821,2022-37,8,920,U1013_VALS,4,4982.555,5.415820652,1
1013-DYNAPRIME 2821,2022-38,19,1825,U1013_VALS,8,8893.166,4.872967671,1
1013-DYNAPRIME 2821,2022-39,6,694.25,U1013_VALS,,,,1
1013-DYNAPRIME 2821,2022-40,3,214.25,U1013_VALS,,,,1
1013-DYNAPRIME 2821,2022-42,2,189.25,U1013_VALS,2,1587.762,8.389759577,1
1013-DYNAPRIME 2821,2022-43,1,109.25,U1013_VALS,,,,1
1013-DYNAPRIME 2821,2022-44,4,354.25,U1013_VALS,5,5162.571,14.57324206,1
1013-DYNAPRIME 2821,2022-46,2,248.5,U1013_VALS,6,5802.64354,23.35067823,1
1013-DYNAPRIME 2821,2023-02,2,210,U1013_VALS,4,4822.376,22.96369524,1
1013-DYNAPRIME 2821,2023-03,12,1344.75,U1013_VALS,24,21041.658,15.6472638,1
1013-DYNAPRIME 2821,2023-04,13,1373.5,U1013_VALS,14,14360.38928,10.45532529,1
1013-DYNAPRIME 2821,2023-05,14,1192.75,U1013_VALS,7,6321.30455,5.299773255,1
1013-DYNAPRIME 2821,2023-06,6,637,U1013_VALS,12,8581.93125,13.47241954,1
1013-DYNAPRIME 2821,2023-07,12,1437.75,U1013_VALS,5,4209.17,2.927609111,1
1013-DYNAPRIME 2821,2023-08,12,1610,U1013_VALS,31,35012.36367,21.74680973,1
1013-DYNAPRIME 2821,2023-09,2,140,U1013_VALS,,,,1
1013-DYNAPRIME 2821,2023-10,6,569.25,U1013_VALS,4,3379.822,5.93732455,1
1013-DYNAPRIME 2821,2023-11,2,325,U1013_VALS,14,15303.904,47.08893538,1
1013-DYNAPRIME 2821,2023-12,11,1260,U1013_VALS,30,28416.593,22.55285159,1
1013-DYNAPRIME 2821,2023-13,3,350,U1013_VALS,3,3499.62,9.998914286,1
1013-DYNAPRIME 2821,2023-14,9,1520,U1013_VALS,31,30345.67475,19.9642597,1
1013-DYNAPRIME 2821,2023-15,2,320,U1013_VALS,21,19588.44438,61.21388869,1
1013-DYNAPRIME 2821,2023-16,6,555,U1013_VALS,1,837.675,1.509324324,1
1013-DYNAPRIME 2821,2023-17,6,817,U1013_VALS,23,26122.68666,31.97391268,1
1013-DYNAPRIME 2821,2023-19,1,130,U1013_VALS,,,,1
1013-DYNAPRIME 2821,2023-20,,,,27,29754.42084,,1
1013-DYNAPRIME 2821,2023-21,7,587.75,U1013_VALS,,,,1
1013-DYNAPRIME 2821,2023-23,2,308.5,U1013_VALS,9,8857.83674,28.71259883,1
1013-DYNAPRIME 2821,2023-26,3,139.25,U1013_VALS,1,1194.552,8.578470377,1
1013-DYNAPRIME 2821,2023-45,1,119.25,U1013_VALS,,,,1
1013-DYNAPRIME 2821,2023-48,2,110,U1013_VALS,1,1097.124,9.973854545,1
1013-DYNAPRIME 2821,2024-01,1,200,U1013_VALS,6,5529.061,27.645305,1
1013-DYNAPRIME 2821,2024-02,15,1814,U1013_VALS,12,15569.993,8.583237596,1
1013-DYNAPRIME 2821,2024-03,4,547,U1013_VALS,23,22278.5325,40.72857861,1
1013-DYNAPRIME 2821,2024-04,24,3500.25,U1013_VALS,20,18331.304,5.237141347,1
1013-DYNAPRIME 2821,2024-05,15,2127.75,U1013_VALS,23,21745.10963,10.21976719,1
1013-DYNAPRIME 2821,2024-06,4,439.25,U1013_VALS,14,13305.13037,30.2905643,1
1013-DYNAPRIME 2821,2024-07,4,420,U1013_VALS,1,1079.391,2.569978571,1
1013-DYNAPRIME 2821,2024-08,9,1000,U1013_VALS,12,10981.687,10.981687,1
1013-DYNAPRIME 2821,2024-09,10,1030,U1013_VALS,18,15468.185,15.01765534,1
1013-DYNAPRIME 2821,2024-10,1,125,U1013_VALS,2,2260.854,18.086832,1
1013-DYNAPRIME 2821,2024-12,4,375,U1013_VALS,,,,1
1013-DYNAPRIME 2821,2024-13,9,1028.5,U1013_VALS,5,4770.95282,4.638748488,1
1013-DYNAPRIME 2821,2024-15,12,1511.75,U1013_VALS,27,29161.191,19.28969142,1
1013-DYNAPRIME 2821,2024-16,18,2286.25,U1013_VALS,29,37012.79724,16.18930442,1
1013-DYNAPRIME 2821,2024-17,4,403,U1013_VALS,5,5816.911,14.43402233,1
1013-DYNAPRIME 2821,2024-18,3,567.75,U1013_VALS,17,22817.2653,40.18893052,1
1013-DYNAPRIME 2821,2024-20,11,1720,U1013_VALS,17,16477.098,9.57970814,1
1013-DYNAPRIME 2821,2024-21,18,2453.5,U1013_VALS,43,44171.85936,18.00361091,1
1013-DYNAPRIME 2821,2024-22,22,2317.75,U1013_VALS,34,36191.018,15.61472031,1
1013-DYNAPRIME 2821,2024-23,13,1610,U1013_VALS,23,22487.8238,13.96759242,1
1013-DYNAPRIME 2821,2024-24,14,1817.25,U1013_VALS,20,22225.77632,12.23044508,1
1013-DYNAPRIME 2821,2024-25,7,630,U1013_VALS,,,,1
1013-DYNAPRIME 2821,2024-26,4,600,U1013_VALS,18,16854.64762,28.09107937,1
1013-DYNAPRIME 2821,2024-27,7,1180,U1013_VALS,22,21116.0199,17.89493212,1
1013-DYNAPRIME 2821,2024-28,1,90,U1013_VALS,5,5425.944,60.28826667,1
1013-DYNAPRIME 2821,2024-29,6,610,U1013_VALS,9,11207.18101,18.37242789,1
1013-DYNAPRIME 2821,2024-31,5,345,U1013_VALS,,,,1
1013-DYNAPRIME 2821,2024-37,7,771,U1013_VALS,,,,1
1013-DYNAPRIME 2821,2024-38,10,1130,U1013_VALS,4,5821.164,5.151472566,1
1013-DYNAPRIME 2821,2024-39,7,730,U1013_VALS,13,11488.703,15.73794932,1
1013-DYNAPRIME 2821,2024-40,4,485,U1013_VALS,18,21140.94007,43.58956715,1
1013-DYNAPRIME 2821,2024-41,10,1030,U1013_VALS,19,19166.56695,18.60831743,1
1013-DYNAPRIME 2821,2024-42,4,550,U1013_VALS,6,7191.79542,13.07599167,1
1013-DYNAPRIME 2821,2024-43,22,2775,U1013_VALS,30,32736.56447,11.79696017,1
1013-DYNAPRIME 2821,2024-44,11,1510,U1013_VALS,1,1041.04,0.689430464,1
1013-DYNAPRIME 2821,2024-46,3,330,U1013_VALS,1,1172.08,3.551757576,1
1013-DYNAPRIME 2821,2024-47,7,700,U1013_VALS,14,13507.894,19.29699143,1
1013-DYNAPRIME 2821,2024-48,2,200,U1013_VALS,5,4516.1,22.5805,1
1013-DYNAPRIME 2821,2024-49,3,150,U1013_VALS,3,2578.558,17.19038667,1
1013-DYNAPRIME 2821,2024-52,4,395,U1013_VALS,20,23312.10324,59.01798289,1
